date,date_start,date_end,date_middle,pollster,sample_size,FF,FG,SF,LAB,GP,PD,WP,DL,SPBP,RENUA,SD,AU,OTH_IND
30/10/1982,20/10/1982,21/10/1982,20/10/1982,TNS-MRBI,1000,42,42,NA,8,NA,NA,NA,NA,NA,NA,NA,NA,8
15/11/1982,11/11/1982,12/11/1982,11/11/1982,TNS-MRBI,1000,44,42,NA,10,NA,NA,NA,NA,NA,NA,NA,NA,4
23/11/1982,19/11/1982,29/11/1982,24/11/1982,TNS-MRBI,1026,44,41,NA,9,NA,NA,NA,NA,NA,NA,NA,NA,6
16/02/1983,10/02/1983,11/02/1983,10/02/1983,TNS-MRBI,1000,46,42,NA,7,NA,NA,3,NA,NA,NA,NA,NA,2
02/03/1983,01/02/1983,02/03/1983,15/02/1983,TNS-MRBI,1000,45,41,NA,8,NA,NA,NA,NA,NA,NA,NA,NA,6
22/05/1983,01/04/1983,30/04/1983,15/04/1983,IMS,1300,44,43,NA,9,NA,NA,5,NA,NA,NA,NA,NA,-1
06/09/1983,31/08/1983,01/09/1983,31/08/1983,TNS-MRBI,1000,48,36,NA,8,NA,NA,NA,NA,NA,NA,NA,NA,8
01/01/1984,01/01/1984,14/01/1984,07/01/1984,IMS,1000,46,36,NA,10,NA,NA,4,NA,NA,NA,NA,NA,4
07/03/1984,01/02/1984,14/02/1984,07/02/1984,IMS,1300,48,38,NA,7,NA,NA,NA,NA,NA,NA,NA,NA,7
12/04/1984,01/03/1984,14/04/1984,23/03/1984,IMS,1300,45,39,NA,9,NA,NA,4,NA,NA,NA,NA,NA,3
08/05/1984,01/04/1984,14/04/1984,07/04/1984,IMS,1300,49,33,NA,9,NA,NA,5,NA,NA,NA,NA,NA,4
21/05/1984,09/05/1984,10/05/1984,09/05/1984,TNS-MRBI,1000,49,38,NA,8,NA,NA,NA,NA,NA,NA,NA,NA,5
30/10/1984,01/10/1984,30/10/1984,15/10/1984,TNS-MRBI,1000,51,36,NA,7,NA,NA,NA,NA,NA,NA,NA,NA,6
11/02/1985,04/02/1985,05/02/1985,04/02/1985,TNS-MRBI,1000,52,35,NA,6,NA,NA,NA,NA,NA,NA,NA,NA,7
19/04/1985,01/03/1985,19/03/1985,10/03/1985,IMS,1311,55,30,NA,7,NA,5,NA,NA,NA,NA,NA,NA,3
29/04/1985,22/04/1985,23/04/1985,22/04/1985,TNS-MRBI,1000,51,34,NA,6,NA,NA,NA,NA,NA,NA,NA,NA,9
30/07/1985,18/07/1985,19/07/1985,18/07/1985,TNS-MRBI,1000,52,33,NA,5,NA,NA,NA,NA,NA,NA,NA,NA,10
01/09/1985,27/07/1985,16/08/1985,06/08/1985,IMS,1300,55,30,NA,7,NA,NA,5,NA,NA,NA,NA,NA,3
11/11/1985,03/10/1985,11/10/1985,07/10/1985,IMS,1000,55,30,1,6,NA,NA,3,NA,NA,NA,NA,NA,5
25/11/1985,19/11/1985,20/11/1985,19/11/1985,TNS-MRBI,1000,51,37,NA,6,NA,NA,NA,NA,NA,NA,NA,NA,6
01/12/1985,20/11/1985,22/11/1985,21/11/1985,IMS,1000,49,36,NA,7,NA,3,NA,NA,NA,NA,NA,NA,5
17/01/1986,13/01/1986,14/01/1986,13/01/1986,IMS,1050,41,29,NA,6,NA,19,NA,NA,NA,NA,NA,NA,5
02/03/1986,01/02/1986,02/03/1986,15/02/1986,TNS-MRBI,1000,42,23,NA,4,NA,NA,NA,NA,NA,NA,NA,NA,31
13/04/1986,26/03/1986,07/04/1986,01/04/1986,IMS,1280,47,25,NA,5,NA,16,4,NA,NA,NA,NA,NA,3
06/05/1986,28/04/1986,29/04/1986,28/04/1986,TNS-MRBI,1000,48,26,NA,5,NA,17,NA,NA,NA,NA,NA,NA,4
15/06/1986,29/05/1986,09/06/1986,03/06/1986,IMS,1276,46,27,NA,7,NA,15,3,NA,NA,NA,NA,NA,2
26/06/1986,19/06/1986,20/06/1986,19/06/1986,TNS-MRBI,1000,51,25,NA,4,NA,15,NA,NA,NA,NA,NA,NA,5
19/10/1986,01/10/1986,13/10/1986,07/10/1986,IMS,1317,53,27,NA,6,NA,9,3,NA,NA,NA,NA,NA,2
03/11/1986,28/10/1986,29/10/1986,28/10/1986,TNS-MRBI,1000,46,29,2,5,NA,15,NA,NA,NA,NA,NA,NA,3
14/12/1986,21/11/1986,01/12/1986,26/11/1986,IMS,1321,51,24,NA,6,NA,13,2,NA,NA,NA,NA,NA,4
28/01/1987,14/01/1987,27/01/1987,20/01/1987,TNS-MRBI,1000,52,23,1,5,NA,15,NA,NA,NA,NA,NA,NA,4
04/02/1987,31/01/1987,01/02/1987,31/01/1987,IMS,1045,48,22,NA,6,NA,17,NA,NA,NA,NA,NA,NA,7
15/02/1987,11/02/1987,11/02/1987,11/02/1987,TNS-MRBI,1000,48,25,1,6,NA,16,2,NA,NA,NA,NA,NA,2
02/03/1987,16/02/1987,01/03/1987,22/02/1987,TNS-MRBI,1000,50,24,NA,5,NA,NA,NA,NA,NA,NA,NA,NA,21
08/04/1987,03/04/1987,03/04/1987,03/04/1987,TNS-MRBI,1000,46,27,NA,6,NA,14,5,NA,NA,NA,NA,NA,2
20/05/1987,14/05/1987,14/05/1987,14/05/1987,TNS-MRBI,1000,41,33,NA,5,NA,14,5,NA,NA,NA,NA,NA,2
16/11/1987,06/11/1987,08/11/1987,07/11/1987,TNS-MRBI,1000,40,32,NA,6,NA,14,5,NA,NA,NA,NA,NA,3
08/02/1988,01/02/1988,02/02/1988,01/02/1988,TNS-MRBI,1000,44,28,NA,7,NA,14,4,NA,NA,NA,NA,NA,3
21/02/1988,02/02/1988,10/02/1988,06/02/1988,IMS,1289,47,24,NA,9,NA,13,4,NA,NA,NA,NA,NA,3
19/04/1988,08/04/1988,10/04/1988,09/04/1988,IMS,1036,46,22,NA,8,NA,15,4,NA,NA,NA,NA,NA,5
23/05/1988,14/05/1988,16/05/1988,15/05/1988,TNS-MRBI,1000,50,27,NA,7,NA,10,4,NA,NA,NA,NA,NA,2
21/08/1988,22/07/1988,29/07/1988,25/07/1988,IMS,1306,51,28,NA,7,NA,7,3,NA,NA,NA,NA,NA,4
17/10/1988,05/10/1988,06/10/1988,05/10/1988,TNS-MRBI,1000,50,26,NA,10,NA,7,4,NA,NA,NA,NA,NA,3
17/12/1988,05/12/1988,06/12/1988,05/12/1988,TNS-MRBI,1000,51,26,NA,9,NA,8,3,NA,NA,NA,NA,NA,3
22/01/1989,06/01/1989,13/01/1989,09/01/1989,IMS,1275,51,28,NA,7,NA,8,3,NA,NA,NA,NA,NA,3
06/02/1989,30/01/1989,31/01/1989,30/01/1989,TNS-MRBI,1000,54,25,NA,8,NA,8,3,NA,NA,NA,NA,NA,2
07/05/1989,19/04/1989,28/04/1989,23/04/1989,IMS,1270,50,28,NA,8,NA,6,4,NA,NA,NA,NA,NA,4
29/05/1989,26/05/1989,27/05/1989,26/05/1989,Landsdowne,1053,51,27,NA,8,NA,8,3,NA,NA,NA,NA,NA,3
01/06/1989,27/05/1989,29/05/1989,28/05/1989,TNS-MRBI,1000,50,28,NA,9,NA,5,5,NA,NA,NA,NA,NA,3
06/06/1989,02/06/1989,02/06/1989,02/06/1989,IMS,1045,47,25,NA,12,NA,8,4,NA,NA,NA,NA,NA,4
11/06/1989,08/06/1989,08/06/1989,08/06/1989,IMS,1050,45,28,NA,10,NA,6,6,NA,NA,NA,NA,NA,5
12/06/1989,09/06/1989,09/06/1989,09/06/1989,TNS-MRBI,1010,47,28,NA,8,NA,6,6,NA,NA,NA,NA,NA,5
06/07/1989,04/07/1989,04/07/1989,04/07/1989,IMS,1053,44,29,NA,10,NA,5,7,NA,NA,NA,NA,NA,5
06/07/1989,04/07/1989,04/07/1989,04/07/1989,TNS-MRBI,1000,43,31,NA,11,NA,4,6,NA,NA,NA,NA,NA,5
27/11/1989,18/11/1989,20/11/1989,19/11/1989,TNS-MRBI,1000,51,28,NA,8,4,3,4,NA,NA,NA,NA,NA,2
12/02/1990,05/02/1990,06/02/1990,05/02/1990,TNS-MRBI,1000,50,29,NA,10,2,4,3,NA,NA,NA,NA,NA,2
18/02/1990,06/02/1990,14/02/1990,10/02/1990,IMS,1279,51,26,NA,9,3,5,4,NA,NA,NA,NA,NA,2
28/05/1990,18/05/1990,21/05/1990,19/05/1990,TNS-MRBI,1000,51,23,NA,10,2,7,4,NA,NA,NA,NA,NA,3
25/06/1990,02/06/1990,09/06/1990,05/06/1990,IMS,1251,52,24,NA,9,3,5,5,NA,NA,NA,NA,NA,2
22/07/1990,01/07/1990,09/07/1990,05/07/1990,IMS,1275,56,21,NA,8,3,4,5,NA,NA,NA,NA,NA,3
10/10/1990,05/10/1990,06/10/1990,05/10/1990,TNS-MRBI,1000,49,24,NA,12,4,4,4,NA,NA,NA,NA,NA,3
14/10/1990,01/10/1990,09/10/1990,05/10/1990,IMS,1273,55,25,NA,8,1,3,5,NA,NA,NA,NA,NA,3
31/10/1990,27/10/1990,29/10/1990,28/10/1990,IMS,1057,49,26,NA,11,2,7,4,NA,NA,NA,NA,NA,1
06/11/1990,02/11/1990,03/11/1990,02/11/1990,TNS-MRBI,1000,52,26,NA,10,2,5,3,NA,NA,NA,NA,NA,2
18/11/1990,14/11/1990,15/11/1990,14/11/1990,IMS,1058,53,23,NA,11,2,5,4,NA,NA,NA,NA,NA,2
10/12/1990,05/12/1990,06/12/1990,05/12/1990,IMS,1050,51,26,NA,11,1,6,4,NA,NA,NA,NA,NA,1
28/01/1991,23/01/1991,23/01/1991,23/01/1991,TNS-MRBI,1000,51,23,NA,12,2,5,5,NA,NA,NA,NA,NA,2
10/03/1991,21/02/1991,28/02/1991,24/02/1991,TNS-MRBI,1298,52,24,NA,11,2,4,4,NA,NA,NA,NA,NA,3
16/03/1991,11/03/1991,12/03/1991,11/03/1991,IMS,1050,57,23,NA,10,1,4,3,NA,NA,NA,NA,NA,2
22/04/1991,15/04/1991,16/04/1991,15/04/1991,TNS-MRBI,1000,49,23,NA,11,2,6,6,NA,NA,NA,NA,NA,3
19/06/1991,30/05/1991,07/06/1991,03/06/1991,IMS,1227,48,25,NA,12,2,4,5,NA,NA,NA,NA,NA,4
23/06/1991,19/06/1991,20/06/1991,19/06/1991,IMS,1053,49,22,NA,12,3,6,5,NA,NA,NA,NA,NA,3
24/06/1991,17/06/1991,18/06/1991,17/06/1991,TNS-MRBI,1000,45,25,NA,11,3,7,6,NA,NA,NA,NA,NA,3
14/07/1991,05/07/1991,06/07/1991,05/07/1991,IMS,1057,43,23,NA,14,4,6,5,NA,NA,NA,NA,NA,5
28/09/1991,24/09/1991,25/09/1991,24/09/1991,IMS,1058,41,28,NA,12,4,8,6,NA,NA,NA,NA,NA,1
14/10/1991,09/10/1991,10/10/1991,09/10/1991,TNS-MRBI,1000,41,26,NA,15,3,7,5,NA,NA,NA,NA,NA,3
16/11/1991,13/11/1991,14/11/1991,13/11/1991,IMS,1052,43,27,NA,14,3,9,3,NA,NA,NA,NA,NA,1
13/12/1991,01/12/1991,12/12/1991,06/12/1991,TNS-MRBI,1000,37.4,27.8,NA,15.1,NA,5.3,5.3,NA,NA,NA,NA,NA,9.1
15/12/1991,30/11/1991,06/12/1991,03/12/1991,IMS,1298,48,24,NA,13,3,6,4,NA,NA,NA,NA,NA,2
16/12/1991,10/12/1991,11/12/1991,10/12/1991,TNS-MRBI,1000,40,26,NA,15,3,8,4,NA,NA,NA,NA,NA,4
25/01/1992,23/01/1992,23/01/1992,23/01/1992,IMS,1050,44,26,NA,14,3,8,3,NA,NA,NA,NA,NA,2
23/02/1992,19/02/1992,20/02/1992,19/02/1992,IMS,1056,53,22,NA,12,2,6,4,NA,NA,NA,NA,NA,1
03/03/1992,24/02/1992,25/02/1992,24/02/1992,TNS-MRBI,1000,53,23,NA,12,3,4,3,NA,NA,NA,NA,NA,2
09/05/1992,24/04/1992,02/05/1992,28/04/1992,IMS,1295,56,22,NA,10,2,5,3,NA,NA,NA,NA,NA,2
12/05/1992,29/04/1992,11/05/1992,05/05/1992,TNS-MRBI,1000,51,21,NA,13,2,9,1,2,NA,NA,NA,NA,1
11/06/1992,06/06/1992,06/06/1992,06/06/1992,IMS,1056,51,21,NA,13,4,6,2,1,NA,NA,NA,NA,2
11/06/1992,08/06/1992,08/06/1992,08/06/1992,TNS-MRBI,1000,53,22,NA,11,4,5,2,2,NA,NA,NA,NA,1
15/06/1992,15/06/1992,15/06/1992,15/06/1992,TNS-MRBI,1000,53,22,NA,12,2,6,2,1,NA,NA,NA,NA,2
12/07/1992,26/06/1992,04/07/1992,30/06/1992,IMS,1257,51,21,NA,14,3,5,2,1,NA,NA,NA,NA,3
30/09/1992,24/09/1992,25/09/1992,24/09/1992,TNS-MRBI,1000,49,23,NA,12,3,3,2,4,NA,NA,NA,NA,4
23/10/1992,18/10/1992,19/10/1992,18/10/1992,IMS,1057,50,23,NA,12,2,4,3,2,NA,NA,NA,NA,4
09/11/1992,07/11/1992,07/11/1992,07/11/1992,IMS,1054,47,23,NA,15,1,7,4,1,NA,NA,NA,NA,2
12/11/1992,09/11/1992,09/11/1992,09/11/1992,TNS-MRBI,1000,40,24,NA,17,2,8,2,4,NA,NA,NA,NA,3
15/11/1992,13/11/1992,13/11/1992,13/11/1992,IMS,1059,41,24,NA,19,2,6,2,2,NA,NA,NA,NA,4
19/11/1992,17/11/1992,17/11/1992,17/11/1992,IMS,1055,42,24,NA,19,1,5,2,2,NA,NA,NA,NA,5
24/11/1992,09/11/1992,24/11/1992,16/11/1992,TNS-MRBI,1000,40,25,NA,22,1,6,1,2,NA,NA,NA,NA,3
06/12/1992,04/12/1992,04/12/1992,04/12/1992,IMS,1055,39,19,NA,30,1,6,1,1,NA,NA,NA,NA,3
08/01/1993,08/01/1993,08/01/1993,08/01/1993,IMS,1056,43,20,NA,26,1,5,2,1,NA,NA,NA,NA,2
02/02/1993,29/01/1993,29/01/1993,29/01/1993,IMS,1056,43,20,NA,27,1,6,1,1,NA,NA,NA,NA,1
05/03/1993,01/03/1993,01/03/1993,01/03/1993,TNS-MRBI,1000,42,23,NA,16,2,3,2,3,NA,NA,NA,NA,9
18/04/1993,01/04/1993,08/04/1993,04/04/1993,IMS,1272,46,20,NA,21,2,7,2,1,NA,NA,NA,NA,1
07/07/1993,01/07/1993,02/07/1993,01/07/1993,TNS-MRBI,1000,42,19,1,18,2,11,2,3,NA,NA,NA,NA,2
11/07/1993,25/06/1993,02/07/1993,28/06/1993,IMS,1247,44,18,NA,20,2,9,4,2,NA,NA,NA,NA,1
23/08/1993,16/08/1993,23/08/1993,19/08/1993,IMS,1000,49,20,NA,16,2,6,3,2,NA,NA,NA,NA,2
07/10/1993,01/10/1993,02/10/1993,01/10/1993,TNS-MRBI,1000,44,19,1,18,2,9,2,2,NA,NA,NA,NA,3
10/10/1993,07/10/1993,07/10/1993,07/10/1993,IMS,1052,47,19,NA,15,3,9,2,1,NA,NA,NA,NA,4
29/11/1993,22/11/1993,23/11/1993,22/11/1993,TNS-MRBI,1000,47,18,NA,16,2,11,1,1,NA,NA,NA,NA,4
23/01/1994,20/01/1994,20/01/1994,20/01/1994,IMS,1057,48,19,NA,18,1.5,7,2.5,1.5,NA,NA,NA,NA,2.5
07/02/1994,31/01/1994,31/01/1994,31/01/1994,TNS-MRBI,1000,50,16,1,13,2,12,2,2,NA,NA,NA,NA,2
27/02/1994,23/02/1994,23/02/1994,23/02/1994,IMS,1053,49,22,1,14,1,7,1,1,NA,NA,NA,NA,4
27/03/1994,24/03/1994,24/03/1994,24/03/1994,IMS,1058,46,20,2,17,2,8,3,1,NA,NA,NA,NA,1
30/05/1994,28/05/1994,30/05/1994,29/05/1994,TNS-MRBI,1600,45,20,NA,16,3,6,3,2,NA,NA,NA,NA,5
02/06/1994,27/05/1994,28/05/1994,27/05/1994,IMS,1525,46,21,NA,16,NA,5,2,2,NA,NA,NA,NA,8
23/07/1994,15/07/1994,21/07/1994,18/07/1994,IMS,1265,45,22,2,14,8,5,2,1,NA,NA,NA,NA,1
30/08/1994,22/08/1994,22/08/1994,22/08/1994,TNS-MRBI,1000,42,22,NA,16,7,6,2,1,NA,NA,NA,NA,4
06/11/1994,03/11/1994,03/11/1994,03/11/1994,IMS,1055,50,19,3,12,8,4,3,1,NA,NA,NA,NA,0
21/11/1994,18/11/1994,18/11/1994,18/11/1994,TNS-MRBI,1000,35,21,NA,22,4,9,NA,5,NA,NA,NA,NA,4
28/11/1994,25/11/1994,25/11/1994,25/11/1994,TNS-MRBI,1000,44,23,2,18,4,5,NA,2,NA,NA,NA,NA,2
21/01/1995,19/01/1995,19/01/1995,19/01/1995,IMS,1050,46,22,NA,16,5,5,NA,NA,NA,NA,NA,NA,6
18/02/1995,13/02/1995,13/02/1995,13/02/1995,TNS-MRBI,1000,47,23,2,15,3,6,1,2,NA,NA,NA,NA,1
15/04/1995,12/04/1995,12/04/1995,12/04/1995,IMS,1057,42,26,NA,15,6,4,NA,NA,NA,NA,NA,NA,7
21/05/1995,18/05/1984,18/05/1984,18/05/1984,IMS,1050,47,23,3,15,3,4,2,2,NA,NA,NA,NA,1
06/10/1995,29/09/1995,30/09/1995,29/09/1995,TNS-MRBI,1000,45,23,NA,16,4,7,NA,1,NA,NA,NA,NA,4
08/10/1995,05/10/1995,05/10/1995,05/10/1995,IMS,1051,50,22,2,10,5,4,2,1,NA,NA,NA,NA,4
08/11/1995,03/11/1995,04/11/1995,03/11/1995,TNS-MRBI,1000,51,21,2,11,3,7,1,1,NA,NA,NA,NA,3
18/11/1995,18/11/1995,18/11/1995,18/11/1995,TNS-MRBI,1000,48,24,NA,12,NA,NA,NA,NA,NA,NA,NA,NA,16
17/02/1996,14/02/1996,14/02/1996,14/02/1996,IMS,1050,50,24,3,13,3,3,1,1,NA,NA,NA,NA,2
08/06/1996,04/06/1996,04/06/1996,04/06/1996,TNS-MRBI,1000,47,26,2,10,3,7,NA,2,NA,NA,NA,NA,3
07/07/1996,04/07/1996,04/07/1996,04/07/1996,IMS,1056,47,24,2,11,4,5,1,2,NA,NA,NA,NA,4
01/10/1996,24/09/1996,25/09/1996,24/09/1996,TNS-MRBI,1000,45,25,NA,13,3,6,NA,2,NA,NA,NA,NA,6
13/10/1996,10/10/1996,10/10/1996,10/10/1996,IMS,1054,50,21,2,12,4,5,2,2,NA,NA,NA,NA,2
01/12/1996,28/11/1996,28/11/1996,28/11/1996,IMS,1056,47,24,3,12,3,7,1,1,NA,NA,NA,NA,2
13/12/1996,05/12/1996,06/12/1996,05/12/1996,TNS-MRBI,1000,46,24,NA,10,2,11,NA,2,NA,NA,NA,NA,5
20/12/1996,17/12/1996,17/12/1996,17/12/1996,IMS,1050,40,25,1,12,4,11,2,1,NA,NA,NA,NA,4
01/02/1997,27/01/1997,28/01/1997,27/01/1997,TNS-MRBI,1000,45,27,NA,10,3,9,NA,2,NA,NA,NA,NA,4
16/03/1997,14/03/1997,14/03/1997,14/03/1997,IMS,1058,45,26,2,13,4,5,1,1,NA,NA,NA,NA,3
03/04/1997,26/03/1997,27/03/1997,26/03/1997,TNS-MRBI,1000,43,30,NA,11,2,8,NA,2,NA,NA,NA,NA,4
08/05/1997,03/05/1997,04/05/1997,03/05/1997,TNS-MRBI,1000,43,26,1,12,3,8,NA,2,NA,NA,NA,NA,5
16/05/1997,14/05/1997,14/05/1997,14/05/1997,IMS,1107,42,26,3,12,4,6,1,2,NA,NA,NA,NA,4
22/05/1997,19/05/1997,20/05/1997,19/05/1997,TNS-MRBI,1000,43,26,NA,10,3,7,NA,2,NA,NA,NA,NA,9
25/05/1997,22/05/1997,22/05/1997,22/05/1997,IMS,1116,41,26,2,14,4,5,NA,2,NA,NA,NA,NA,6
28/05/1997,26/05/1997,26/05/1997,26/05/1997,IMS,1115,41,26,4,10,4,5,1,2,NA,NA,NA,NA,7
31/05/1997,28/05/1997,28/05/1997,28/05/1997,TNS-MRBI,1000,42,26,NA,11,4,7,NA,2,NA,NA,NA,NA,8
01/06/1997,29/05/1997,29/05/1997,29/05/1997,IMS,1115,40,29,2,11,4,6,1,2,NA,NA,NA,NA,5
07/06/1997,06/06/1997,06/06/1997,06/06/1997,TNS-MRBI,1000,44,27,NA,8,3,4,NA,3,NA,NA,NA,NA,11
20/07/1997,17/07/1997,17/07/1997,17/07/1997,IMS,1112,51,28,1,7,5,3,1,1,NA,NA,NA,NA,3
18/09/1997,18/09/1997,18/09/1997,18/09/1997,IMS,980,48,27,2,12,4,3,NA,2,NA,NA,NA,NA,2
02/10/1997,27/09/1997,27/09/1997,27/09/1997,TNS-MRBI,1000,50,25,2,13,3,2,1,1,NA,NA,NA,NA,3
05/10/1997,02/10/1997,02/10/1997,02/10/1997,IMS,1107,50,24,3,13,3,2,1,1,NA,NA,NA,NA,3
25/10/1997,25/10/1997,25/10/1997,25/10/1997,IMS,986,50,27,2,9,4,3,NA,NA,NA,NA,NA,NA,5
26/10/1997,23/10/1997,23/10/1997,23/10/1997,IMS,937,52,26,4,10,3,2,1,1,NA,NA,NA,NA,1
11/11/1997,08/11/1997,08/11/1997,08/11/1997,IMS,1106,52,24,2,12,2,3,1,1,NA,NA,NA,NA,3
30/11/1997,27/11/1997,27/11/1997,27/11/1997,IMS,1101,55,25,3,10,2,2,NA,1,NA,NA,NA,NA,2
30/11/1997,01/11/1997,30/11/1997,15/11/1997,TNS-MRBI,1000,50,26,NA,13,NA,NA,NA,NA,NA,NA,NA,NA,11
10/12/1997,05/12/1997,06/12/1997,05/12/1997,TNS-MRBI,1000,50,26,1,13,2,3,NA,2,NA,NA,NA,NA,3
29/12/1997,18/12/1997,18/12/1997,18/12/1997,IMS,1107,56,22,2,12,2,3,NA,1,NA,NA,NA,NA,2
01/02/1998,29/01/1998,29/01/1998,29/01/1998,IMS,1000,54,24,3,12,3,2,NA,1,NA,NA,NA,NA,1
30/03/1998,14/03/1998,29/03/1998,21/03/1998,IMS,1000,49,23,2,14,3,3,1,2,NA,NA,NA,NA,3
17/04/1998,13/04/1998,14/04/1998,13/04/1998,TNS-MRBI,1000,57,20,4,11,2,3,NA,1,NA,NA,NA,NA,2
18/05/1998,12/05/1998,13/05/1998,12/05/1998,TNS-MRBI,1000,63,18,3,9,2,1,1,1,NA,NA,NA,NA,2
18/05/1998,18/05/1998,18/05/1998,18/05/1998,IMS,946,54,21,3,11,4,2,1,NA,NA,NA,NA,NA,4
09/10/1998,05/10/1998,06/10/1998,05/10/1998,TNS-MRBI,1000,56,20,3,12,3,2,NA,2,NA,NA,NA,NA,2
18/10/1998,15/10/1998,15/10/1998,15/10/1998,IMS,1105,55,21,2,12,3,2,NA,1,NA,NA,NA,NA,4
04/01/1999,16/12/1998,16/12/1998,16/12/1998,IMS,1050,55,21,3,11,3,3,1,NA,NA,NA,NA,NA,3
31/01/1999,28/01/1998,28/01/1998,28/01/1998,IMS,1104,49,23,3,13,4,3,1,NA,NA,NA,NA,NA,4
26/02/1999,23/02/1999,24/02/1999,23/02/1999,TNS-MRBI,1000,48,25,2,14,3,4,NA,NA,NA,NA,NA,NA,4
09/05/1999,06/05/1999,06/05/1999,06/05/1999,IMS,1111,47,22,4,14,4,5,1,NA,NA,NA,NA,NA,3
13/05/1999,09/05/1999,10/05/1999,09/05/1999,TNS-MRBI,1000,46,24,3,15,2,5,NA,NA,NA,NA,NA,NA,5
05/06/1999,02/06/1999,03/06/1999,02/06/1999,TNS-MRBI,1000,51,25,3,11,4,2,1,NA,NA,NA,NA,NA,3
24/10/1999,21/10/1999,21/10/1999,21/10/1999,IMS,1101,45,24,5,15,3,3,1,NA,NA,NA,NA,NA,4
05/11/1999,02/11/1999,03/11/1999,02/11/1999,TNS-MRBI,1000,47,23,4,14,2,4,NA,NA,NA,NA,NA,NA,6
21/01/2000,17/01/2000,18/01/2000,17/01/2000,TNS-MRBI,1000,49,26,3,11,3,3,NA,NA,NA,NA,NA,NA,5
20/02/2000,17/02/2000,17/02/2000,17/02/2000,IMS,1103,53,21,4,13,3,2,NA,NA,NA,NA,NA,NA,4
22/04/2000,17/04/2000,18/04/2000,17/04/2000,TNS-MRBI,1000,51,22,3,10,4,4,NA,NA,NA,NA,NA,NA,6
30/04/2000,27/04/2000,27/04/2000,27/04/2000,IMS,1102,49,21,4,13,6,3,1,NA,NA,NA,NA,NA,3
16/06/2000,02/06/2000,15/06/2000,08/06/2000,TNS-MRBI,1000,45,18,5,13,5,4,1,NA,NA,NA,NA,NA,9
18/06/2000,15/06/2000,15/06/2000,15/06/2000,IMS,1108,46,23,4,13,6,2,1,NA,NA,NA,NA,NA,5
29/09/2000,11/09/2000,22/09/2000,16/09/2000,TNS-MRBI,1000,45,22,5,14,4,3,NA,NA,NA,NA,NA,NA,7
20/11/2000,16/11/2000,16/11/2000,16/11/2000,IMS,1104,47,23,6,12,5,3,NA,NA,NA,NA,NA,NA,4
26/01/2001,22/01/2001,23/01/2001,22/01/2001,TNS-MRBI,1000,41,20,6,15,5,4,NA,NA,NA,NA,NA,NA,9
04/02/2001,01/02/2001,01/02/2001,01/02/2001,IMS,1009,46,25,4,11,4,4,1,NA,NA,NA,NA,NA,5
05/02/2001,29/01/2001,30/01/2001,29/01/2001,TNS-MRBI,1000,43,28,6,12,3,2,NA,NA,NA,NA,NA,NA,6
18/05/2001,13/05/2001,14/05/2001,13/05/2001,TNS-MRBI,1000,42,24,6,13,3,4,NA,NA,NA,NA,NA,NA,8
20/05/2001,17/05/2001,17/05/2001,17/05/2001,IMS,1104,49,24,4,13,5,3,1,NA,NA,NA,NA,NA,1
28/05/2001,14/05/2001,27/05/2001,20/05/2001,TNS-MRBI,1000,42,26,NA,11,4,7,NA,NA,NA,NA,NA,NA,10
04/06/2001,29/05/2001,30/05/2001,29/05/2001,TNS-MRBI,1000,42,24,5,12,5,3,NA,NA,NA,NA,NA,NA,9
30/09/2001,27/09/2001,27/09/2001,27/09/2001,IMS,1050,51,22,6,10,4,3,1,NA,NA,NA,NA,NA,3
29/12/2001,18/12/2001,18/12/2001,18/12/2001,IMS,1068,54,19,5,11,4,5,NA,NA,NA,NA,NA,NA,2
25/01/2002,21/01/2002,22/01/2002,21/01/2002,TNS-MRBI,1000,41,21,8,11,5,3,NA,NA,NA,NA,NA,NA,11
02/03/2002,25/02/2002,26/02/2002,25/02/2002,TNS-MRBI,1000,42,20,8,12,5,4,NA,NA,NA,NA,NA,NA,9
10/03/2002,07/03/2002,07/03/2002,07/03/2002,IMS,1093,51,21,5,10,4,5,NA,NA,NA,NA,NA,NA,4
30/03/2002,27/03/2002,27/03/2002,27/03/2002,IMS,1075,35,23,8,13,5,4,NA,NA,NA,NA,NA,NA,12
03/05/2002,29/04/2002,30/04/2002,29/04/2002,TNS-MRBI,1000,45,23,6,12,3,2,NA,NA,NA,NA,NA,NA,9
04/05/2002,02/05/2002,02/05/2002,02/05/2002,IMS,1099,48,21,4,11,4,3,NA,NA,NA,NA,NA,NA,9
09/05/2002,03/05/2002,03/05/2002,03/05/2002,IMS,1110,49,20,4,11,4,3,NA,NA,NA,NA,NA,NA,9
09/05/2002,09/05/2002,09/05/2002,09/05/2002,ICM,1500,43,22,5,10,5,5,NA,NA,NA,NA,NA,NA,10
12/05/2002,09/05/2002,09/05/2002,09/05/2002,IMS,1105,51,18,7,10,3,3,NA,NA,NA,NA,NA,NA,8
15/05/2002,13/05/2002,13/05/2002,13/05/2002,IMS,1105,50,18,6,12,5,2,NA,NA,NA,NA,NA,NA,7
15/05/2002,13/05/2002,13/05/2002,13/05/2002,TNS-MRBI,1000,45,21,7,12,3,2,NA,NA,NA,NA,NA,NA,10
28/09/2002,23/09/2002,24/09/2002,23/09/2002,TNS-MRBI,1000,34,23,9,14,8,5,NA,NA,NA,NA,NA,NA,7
13/10/2002,10/10/2002,10/10/2002,10/10/2002,Millward Brown,1101,39,17,9,10,6,3,NA,NA,NA,NA,NA,NA,16
17/10/2002,14/10/2002,15/10/2002,14/10/2002,TNS-MRBI,1000,36,19,9,14,8,5,NA,NA,NA,NA,NA,NA,9
14/02/2003,10/02/2003,11/02/2003,10/02/2003,TNS-MRBI,1000,32,22,9,16,6,6,NA,NA,NA,NA,NA,NA,9
16/05/2003,12/05/2003,13/05/2003,12/05/2003,TNS-MRBI,1000,32,20,9,22,4,4,NA,NA,NA,NA,NA,NA,9
16/05/2003,12/05/2003,13/05/2003,12/05/2003,TNS-MRBI,1000,32,20,9,22,4,4,NA,NA,NA,NA,NA,NA,9
13/09/2003,09/09/2003,10/09/2003,09/09/2003,Millward Brown,1090,34,21,10,15,5,4,NA,NA,NA,NA,NA,NA,11
26/09/2003,22/09/2003,23/09/2003,22/09/2003,TNS-MRBI,1000,30,22,10,19,4,5,NA,NA,NA,NA,NA,NA,10
15/10/2003,01/10/2003,31/10/2003,16/10/2003,Red C,1000,33,24,9,13,7,3,NA,NA,NA,NA,NA,NA,11
21/10/2003,07/09/2003,20/09/2003,13/09/2003,Millward Brown,1000,35,23,8,13,5,4,NA,NA,NA,NA,NA,NA,12
06/02/2004,02/02/2004,03/02/2004,02/02/2004,TNS-MRBI,1000,33,21,12,17,5,3,NA,NA,NA,NA,NA,NA,9
21/03/2004,16/03/2004,16/03/2004,16/03/2004,Millward Brown,1081,35,21,10,12,7,3,NA,NA,NA,NA,NA,NA,12
22/05/2004,18/05/2004,19/05/2004,18/05/2004,TNS-MRBI,2000,32,24,10,16,4,4,NA,NA,NA,NA,NA,NA,10
05/06/2004,01/06/2004,02/06/2004,01/06/2004,TNS-MRBI,2000,33,24,11,15,4,4,NA,NA,NA,NA,NA,NA,9
08/10/2004,04/10/2004,05/10/2004,04/10/2004,TNS-MRBI,1000,35,24,12,13,4,3,NA,NA,NA,NA,NA,NA,9
22/11/2004,17/11/2004,18/11/2004,17/11/2004,Millward Brown,1000,37,23,10,13,5,4,NA,NA,NA,NA,NA,NA,8
21/01/2005,17/01/2005,18/01/2005,17/01/2005,TNS-MRBI,1000,38,22,11,13,4,4,NA,NA,NA,NA,NA,NA,8
26/02/2005,12/02/2005,25/02/2005,18/02/2005,Millward Brown,1000,42,20,9,12,5,3,NA,NA,NA,NA,NA,NA,9
04/03/2005,28/02/2005,01/03/2005,28/02/2005,TNS-MRBI,1000,38,22,9,12,4,3,NA,NA,NA,NA,NA,NA,12
15/03/2005,01/03/2005,31/03/2005,16/03/2005,Red C,1000,37,22,9,13,7,3,NA,NA,NA,NA,NA,NA,9
04/04/2005,31/03/2005,31/03/2005,31/03/2005,Millward Brown,1108,41,19,8,11,5,4,NA,NA,NA,NA,NA,NA,12
17/05/2005,01/05/2005,17/05/2005,09/05/2005,Red C,1000,32,22,11,12,7,4,NA,NA,NA,NA,NA,NA,12
11/06/2005,07/06/2006,08/06/2005,07/12/2005,TNS-MRBI,1000,32,25,11,14,4,4,NA,NA,NA,NA,NA,NA,10
15/09/2005,01/09/2005,30/09/2005,15/09/2005,Red C,1000,32,25,10,13,6,4,NA,NA,NA,NA,NA,NA,10
20/09/2005,13/09/2005,13/09/2005,13/09/2005,Lansdowne/Irish Examiner,1032,38,23,10,12,6,5,NA,NA,NA,NA,NA,NA,6
23/09/2005,19/09/2005,20/09/2005,19/09/2005,TNS-MRBI,1000,34,25,10,14,5,4,NA,NA,NA,NA,NA,NA,8
06/12/2005,26/11/2005,27/11/2005,26/11/2005,Millward Brown,1000,37,24,9,12,5,4,NA,NA,NA,NA,NA,NA,9
15/12/2005,01/12/2005,14/12/2005,07/12/2005,Red C,1000,34,27,10,13,5,3,NA,NA,NA,NA,NA,NA,8
20/01/2006,16/01/2006,17/01/2006,16/01/2006,TNS-MRBI,1000,37,24,9,16,4,3,NA,NA,NA,NA,NA,NA,7
25/01/2006,20/01/2006,25/01/2006,22/01/2006,Red C,1005,37,23,9,13,7,3,NA,NA,NA,NA,NA,NA,8
22/02/2006,20/02/2006,22/02/2006,21/02/2006,Red C,1007,35,25,10,12,5,4,NA,NA,NA,NA,NA,NA,9
22/03/2006,20/03/2006,22/03/2006,21/03/2006,Red C,1002,33,25,11,11,7,4,NA,NA,NA,NA,NA,NA,9
26/04/2006,24/04/2006,26/04/2006,25/04/2006,Red C,1002,38,23,8,11,7,4,NA,NA,NA,NA,NA,NA,9
19/05/2006,15/05/2006,16/05/2006,15/05/2006,TNS-MRBI,1000,31,28,9,15,5,3,NA,NA,NA,NA,NA,NA,9
24/05/2006,22/05/2006,24/05/2006,23/05/2006,Red C,1000,35,26,8,14,6,3,NA,NA,NA,NA,NA,NA,8
28/06/2006,26/06/2006,28/06/2006,27/06/2006,Red C,1005,34,26,9,12,7,3,NA,NA,NA,NA,NA,NA,9
26/07/2006,24/07/2006,26/07/2006,25/07/2006,Red C,1008,35,27,10,12,7,2,NA,NA,NA,NA,NA,NA,7
10/09/2006,01/09/2006,06/09/2006,03/09/2006,Millward Brown,1000,37,26,8,12,5,4,NA,NA,NA,NA,NA,NA,8
20/09/2006,18/09/2006,20/09/2006,19/09/2006,Red C,1008,33,25,8,14,7,4,NA,NA,NA,NA,NA,NA,9
15/10/2006,01/10/2006,14/10/2006,07/10/2006,Millward Brown,1000,42,20,8,10,6,4,NA,NA,NA,NA,NA,NA,10
13/10/2006,09/10/2006,10/10/2006,09/10/2006,TNS-MRBI,1000,39,26,8,11,6,4,NA,NA,NA,NA,NA,NA,6
25/10/2006,23/10/2006,25/10/2006,24/10/2006,Red C,1069,39,23,10,10,8,3,NA,NA,NA,NA,NA,NA,7
22/11/2006,20/11/2006,22/11/2006,21/11/2006,Red C,1004,39,23,8,12,7,4,NA,NA,NA,NA,NA,NA,7
30/11/2006,01/11/2006,30/11/2006,15/11/2006,TNS-MRBI,1000,46,24,6,10,4,NA,NA,NA,NA,NA,NA,NA,10
01/12/2006,27/11/2006,28/11/2006,27/11/2006,TNS-MRBI,1000,40,27,7,11,4,3,NA,NA,NA,NA,NA,NA,8
24/01/2007,22/01/2007,24/01/2007,23/01/2007,Red C,1004,42,21,7,12,7,3,NA,NA,NA,NA,NA,NA,8
15/01/2007,09/01/2007,10/01/2007,09/01/2007,Millward Brown,1000,39,22,7,12,5,5,NA,NA,NA,NA,NA,NA,10
30/01/2007,01/01/2007,30/01/2007,15/01/2007,TNS-MRBI,1000,43,23,8,10,7,NA,NA,NA,NA,NA,NA,NA,9
02/02/2007,29/01/2007,30/01/2007,29/01/2007,TNS-MRBI,1000,37,26,9,11,8,1,NA,NA,NA,NA,NA,NA,8
21/02/2007,19/02/2007,21/02/2007,20/02/2007,Red C,1078,38,22,7,14,8,4,NA,NA,NA,NA,NA,NA,7
21/03/2007,19/03/2007,21/03/2007,20/03/2007,Red C,1026,36,23,10,12,8,3,NA,NA,NA,NA,NA,NA,8
18/04/2007,16/04/2007,18/04/2007,17/04/2007,Red C,1261,35,27,8,11,9,3,NA,NA,NA,NA,NA,NA,7
23/04/2007,16/04/2007,17/04/2007,16/04/2007,Millward Brown,1082,38,23,8,12,6,4,NA,NA,NA,NA,NA,NA,9
27/04/2007,23/04/2007,24/04/2007,23/04/2007,TNS-MRBI,1000,34,31,10,10,6,3,NA,NA,NA,NA,NA,NA,6
07/05/2007,30/04/2007,02/05/2007,01/05/2007,Red C,1262,35,29,7,12,6,3,NA,NA,NA,NA,NA,NA,8
11/05/2007,08/05/2007,09/05/2007,08/05/2007,TNS-MRBI,1000,36,28,10,13,5,2,NA,NA,NA,NA,NA,NA,6
13/05/2007,07/05/2007,09/05/2007,08/05/2007,Red C,1263,35,29,7,12,6,3,NA,NA,NA,NA,NA,NA,8
15/05/2007,09/05/2007,10/05/2007,09/05/2007,Millward Brown,1082,35,26,10,13,5,3,NA,NA,NA,NA,NA,NA,8
20/05/2007,16/05/2007,18/05/2007,17/05/2007,Red C,1201,36,27,10,11,8,2,NA,NA,NA,NA,NA,NA,6
21/05/2007,14/05/2007,15/05/2007,14/05/2007,Millward Brown,1107,37,25,9,12,5,3,NA,NA,NA,NA,NA,NA,9
21/05/2007,18/05/2007,19/05/2007,18/05/2007,TNS-MRBI,1000,41,27,9,10,6,2,NA,NA,NA,NA,NA,NA,5
23/05/2007,21/05/2007,22/05/2007,21/05/2007,Red C,1000,38,26,9,11,6,3,NA,NA,NA,NA,NA,NA,7
23/09/2007,17/09/2007,19/09/2007,18/09/2007,Red C,1000,39,27,8,10,7,2,NA,NA,NA,NA,NA,NA,7
28/10/2007,22/10/2007,24/10/2007,23/10/2007,Red C,1000,39,27,8,10,7,2,NA,NA,NA,NA,NA,NA,7
02/11/2007,29/10/2007,30/10/2007,29/10/2007,TNS-MRBI,1000,33,31,7,15,5,2,NA,NA,NA,NA,NA,NA,7
25/11/2007,19/10/2007,21/10/2007,20/10/2007,Red C,1000,32,31,7,13,9,2,NA,NA,NA,NA,NA,NA,6
25/01/2008,21/01/2008,22/01/2008,21/01/2008,TNS-MRBI,1000,34,31,8,12,6,3,NA,NA,NA,NA,NA,NA,6
27/01/2008,21/01/2008,23/01/2008,22/01/2008,Red C,1002,36,32,9,10,7,2,NA,NA,NA,NA,NA,NA,4
02/03/2008,25/02/2008,27/02/2008,26/02/2008,Red C,1012,37,31,8,10,7,2,NA,NA,NA,NA,NA,NA,5
30/03/2008,20/03/2008,26/03/2008,23/03/2008,Red C,1000,35,30,9,11,8,1,NA,NA,NA,NA,NA,NA,6
27/04/2008,21/04/2008,23/04/2008,22/04/2008,Red C,1010,38,29,7,10,8,2,NA,NA,NA,NA,NA,NA,6
16/05/2008,12/05/2008,13/05/2008,12/05/2008,TNS-MRBI,1000,42,26,6,15,4,1,NA,NA,NA,NA,NA,NA,6
25/05/2008,19/05/2008,21/05/2008,20/05/2008,Red C,1005,40,28,9,10,5,2,NA,NA,NA,NA,NA,NA,6
07/06/2008,03/06/2008,04/06/2008,03/06/2008,TNS-MRBI,1000,42,23,8,15,5,1,NA,NA,NA,NA,NA,NA,6
22/06/2008,16/06/2008,18/06/2008,17/06/2008,Red C,1002,40,25,10,10,6,6,NA,NA,NA,NA,NA,NA,3
21/09/2008,15/09/2008,17/09/2008,16/09/2008,Red C,1004,36,28,9,9,7,3,NA,NA,NA,NA,NA,NA,8
26/10/2008,20/10/2008,22/10/2008,21/10/2008,Red C,1002,26,33,10,15,6,2,NA,NA,NA,NA,NA,NA,8
14/11/2008,10/11/2008,11/11/2008,10/11/2008,TNS-MRBI,1000,27,34,8,14,4,NA,NA,NA,NA,NA,NA,NA,13
23/11/2008,17/11/2008,19/11/2008,18/11/2008,Red C,1002,30,35,8,14,5,NA,NA,NA,NA,NA,NA,NA,8
01/02/2009,26/01/2009,28/01/2009,27/01/2009,Red C,1001,28,33,9,14,8,NA,NA,NA,NA,NA,NA,NA,8
13/02/2009,09/02/2009,10/02/2009,09/02/2009,TNS-MRBI,1000,22,32,9,24,4,NA,NA,NA,NA,NA,NA,NA,9
27/02/2009,23/02/2009,24/02/2009,23/02/2009,Millward Brown,1108,25,30,7,22,5,NA,NA,NA,NA,NA,NA,NA,11
01/03/2009,23/05/2009,25/05/2009,24/05/2009,Red C,1002,23,30,11,22,6,NA,NA,NA,NA,NA,NA,NA,8
29/03/2009,23/03/2009,25/03/2009,24/03/2009,Red C,1000,28,31,7,17,7,NA,NA,NA,NA,NA,NA,NA,10
26/04/2009,20/04/2009,22/04/2009,21/04/2009,Red C,1007,23,33,8,19,7,NA,NA,NA,NA,NA,NA,NA,10
15/05/2009,12/05/2009,13/05/2009,12/05/2009,TNS-MRBI,2000,21,38,9,20,3,NA,NA,NA,NA,NA,NA,NA,9
17/05/2009,11/05/2009,13/05/2009,12/05/2009,Red C,1001,24,34,7,18,5,NA,NA,NA,NA,NA,NA,NA,12
29/05/2009,26/05/2009,29/05/2009,27/05/2009,TNS-MRBI,2000,20,36,8,23,3,NA,NA,NA,NA,NA,NA,NA,10
31/05/2009,25/05/2009,27/05/2009,26/05/2009,Red C,1000,21,34,10,18,4,NA,NA,NA,NA,NA,NA,NA,13
03/09/2009,31/08/2009,01/09/2009,31/08/2009,TNS-MRBI,1000,17,34,10,24,3,0,NA,NA,NA,NA,NA,NA,12
13/09/2009,07/09/2009,09/09/2009,08/09/2009,Red C,1005,24,33,8,19,5,NA,NA,NA,NA,NA,NA,NA,11
26/09/2009,22/09/2009,23/09/2009,22/09/2009,TNS-MRBI,1000,20,31,9,25,4,NA,NA,NA,NA,NA,NA,NA,11
27/09/2009,21/09/2009,23/09/2009,22/09/2009,Red C,1008,24,35,8,18,4,NA,NA,NA,NA,NA,NA,NA,11
25/10/2009,19/10/2009,21/10/2009,20/10/2009,Red C,1000,25,35,9,19,3,NA,NA,NA,NA,NA,NA,NA,9
22/11/2009,16/11/2009,18/11/2009,17/11/2009,Red C,1001,23,36,10,17,5,NA,NA,NA,NA,NA,NA,NA,9
22/01/2010,18/01/2010,19/01/2010,18/01/2010,TNS-MRBI,1000,22,32,8,24,3,NA,NA,NA,NA,NA,NA,NA,11
31/01/2010,25/01/2010,27/01/2010,26/01/2010,Red C,1005,27,34,8,17,5,NA,NA,NA,NA,NA,NA,NA,9
13/02/2010,10/02/2010,11/02/2010,10/02/2010,Millward Brown,1056,27,34,8,19,2,NA,NA,NA,NA,NA,NA,NA,10
28/02/2010,22/02/2010,24/02/2010,23/02/2010,Red C,1007,27,34,9,17,5,NA,NA,NA,NA,NA,NA,NA,8
28/03/2010,22/03/2010,24/03/2010,23/03/2010,Red C,1000,24,35,10,17,5,NA,NA,NA,NA,NA,NA,NA,9
02/05/2010,26/04/2010,28/04/2010,27/04/2010,Red C,1003,23,33,6,24,6,NA,NA,NA,NA,NA,NA,NA,8
30/05/2010,24/05/2010,26/05/2010,25/05/2010,Red C,1001,24,30,10,22,5,NA,NA,NA,NA,NA,NA,NA,9
11/06/2010,08/06/2010,09/06/2010,08/06/2010,TNS-MRBI,1000,17,28,9,32,3,NA,NA,NA,NA,NA,NA,NA,11
27/06/2010,21/06/2010,23/06/2010,22/06/2010,Red C,1003,24,33,8,27,2,NA,NA,NA,NA,NA,NA,NA,6
27/06/2010,21/06/2010,23/06/2010,22/06/2010,Red C,1003,24,33,8,27,2,NA,NA,NA,NA,NA,NA,NA,6
23/09/2010,08/09/2010,22/09/2010,15/09/2010,Millward Brown,1000,22,30,4,35,2,NA,NA,NA,NA,NA,NA,NA,7
30/09/2010,27/09/2010,28/09/2010,27/09/2010,TNS-MRBI,1000,24,24,8,33,2,NA,NA,NA,NA,NA,NA,NA,9
24/10/2010,18/10/2010,20/10/2010,19/10/2010,Red C,1002,18,32,9,27,4,NA,NA,NA,NA,NA,NA,NA,10
21/11/2010,15/11/2010,17/11/2010,16/11/2010,Red C,1000,17,33,11,27,3,NA,NA,NA,NA,NA,NA,NA,9
03/12/2010,29/11/2010,01/12/2010,30/11/2010,Red C,1000,13,32,16,24,3,NA,NA,NA,NA,NA,NA,NA,12
16/12/2010,13/12/2010,14/12/2010,13/12/2010,TNS-MRBI,1000,17,30,15,25,2,NA,NA,NA,NA,NA,NA,NA,11
19/12/2010,13/12/2010,15/12/2010,14/12/2010,Red C,1000,17,34,14,23,2,NA,NA,NA,NA,NA,NA,NA,10
07/01/2011,04/01/2011,06/01/2011,05/01/2011,Red C,1000,14,35,14,21,4,NA,NA,NA,NA,NA,NA,NA,12
30/01/2011,26/01/2011,27/01/2011,26/01/2011,Red C,1004,16,33,13,21,2,NA,NA,NA,NA,NA,NA,NA,15
30/01/2011,26/01/2011,27/01/2011,26/01/2011,Millward Brown,1022,16,33,10,24,2,NA,NA,NA,NA,NA,NA,NA,15
01/02/2011,29/01/2011,31/01/2011,30/01/2011,Millward Brown,1049,16,34,13,24,1,NA,NA,NA,NA,NA,NA,NA,12
02/02/2011,29/01/2011,01/02/2011,30/01/2011,Red C,1000,18,37,12,19,3,NA,NA,NA,NA,NA,NA,NA,11
03/02/2011,31/01/2011,01/02/2011,31/01/2011,TNS-MRBI,1000,15,33,12,24,1,NA,NA,NA,NA,NA,NA,NA,15
06/02/2011,01/02/2011,02/02/2011,01/02/2011,Red C,1013,17,35,13,22,2,NA,NA,NA,NA,NA,NA,NA,11
13/02/2011,08/02/2011,10/02/2011,09/02/2011,Red C,1025,15,38,10,20,3,NA,NA,NA,NA,NA,NA,NA,14
16/02/2011,12/02/2011,14/02/2011,13/02/2011,Millward Brown,1029,12,38,10,23,1,NA,NA,NA,NA,NA,NA,NA,16
17/02/2011,12/02/2011,14/02/2011,13/02/2011,OI Research,1006,17,39,10,18,2,0,NA,NA,NA,NA,NA,NA,14
20/02/2011,15/02/2011,17/02/2011,16/02/2011,Red C,1015,16,39,12,17,2,NA,NA,NA,NA,NA,NA,NA,14
20/02/2011,16/02/2011,17/02/2011,16/02/2011,Millward Brown,1015,16,37,12,20,1,NA,NA,NA,NA,NA,NA,NA,14
21/02/2011,17/02/2011,18/02/2011,17/02/2011,TNS-MRBI,1000,16,37,11,19,2,NA,NA,NA,NA,NA,NA,NA,15
23/02/2011,19/02/2011,22/02/2011,20/02/2011,Red C,1500,15,40,10,18,3,NA,NA,NA,NA,NA,NA,NA,14
23/02/2011,19/02/2011,21/02/2011,20/02/2011,Millward Brown,1034,13,34,10,18,1,NA,NA,NA,NA,NA,NA,NA,24
10/04/2011,04/04/2011,06/04/2011,05/04/2011,Red C,1001,16,39,11,18,2,NA,NA,NA,NA,NA,NA,NA,14
29/05/2011,24/05/2011,26/05/2011,25/05/2011,Red C,1000,16,41,11,19,3,NA,NA,NA,NA,NA,NA,NA,10
22/06/2011,22/06/2011,23/06/2011,22/06/2011,Millward Brown,1035,16,42,11,19,1,NA,NA,NA,NA,NA,NA,NA,11
21/07/2011,15/07/2011,18/07/2011,16/07/2011,Ipsos MRBI,1000,18,38,10,18,2,NA,NA,NA,NA,NA,NA,NA,14
24/08/2011,16/08/2011,24/08/2011,20/08/2011,Behaviour & Attitudes,1001,15,44,13,12,2,NA,NA,NA,NA,NA,NA,NA,14
17/09/2011,30/08/2011,14/07/2011,06/08/2011,Millward Brown,976,10,40,11,20,2,NA,NA,NA,NA,NA,NA,NA,17
25/09/2011,19/09/2011,21/09/2011,20/09/2011,Red C,1010,15,33,15,16,2,NA,NA,NA,NA,NA,NA,NA,19
02/10/2011,20/09/2011,02/10/2011,26/09/2011,Behaviour & Attitudes,900,16,34,14,16,3,NA,NA,NA,NA,NA,NA,NA,17
07/10/2011,03/10/2011,04/10/2011,03/10/2011,Ipsos MRBI,1000,16,35,18,17,2,NA,NA,NA,NA,NA,NA,NA,12
18/10/2011,16/10/2011,18/10/2011,17/10/2011,Behaviour & Attitudes,1029,14,35,17,16,1,NA,NA,NA,NA,NA,NA,NA,17
23/10/2011,18/10/2011,20/10/2011,19/10/2011,Red C,1006,14,31,16,17,2,NA,NA,NA,NA,NA,NA,NA,20
25/10/2011,21/10/2011,24/10/2011,22/10/2011,Ipsos MRBI,1000,15,36,15,19,1,NA,NA,NA,NA,NA,NA,NA,14
04/12/2011,28/11/2011,30/11/2011,29/11/2011,Red C,1005,18,32,15,15,1,NA,NA,NA,NA,NA,NA,NA,19
12/12/2011,07/12/2011,12/12/2011,09/12/2011,Behaviour & Attitudes,921,18,29,19,12,3,NA,NA,NA,NA,NA,NA,NA,19
12/01/2012,09/01/2012,11/01/2012,10/01/2012,Red C,1009,17,33,14,16,3,NA,NA,NA,NA,NA,NA,NA,17
29/01/2012,23/01/2012,25/01/2012,24/01/2012,Red C,1008,18,30,17,14,3,NA,NA,NA,NA,NA,NA,NA,18
26/02/2012,15/02/2012,20/02/2012,17/02/2012,Behaviour & Attitudes,914,16,32,25,10,2,NA,NA,NA,NA,NA,NA,NA,15
04/03/2012,27/02/2012,29/02/2012,28/02/2012,Red C,1007,17,30,18,16,2,NA,NA,NA,NA,NA,NA,NA,17
25/03/2012,19/03/2012,21/03/2012,20/03/2012,Red C,1012,16,34,18,15,2,NA,NA,NA,NA,NA,NA,NA,15
30/03/2012,26/03/2012,28/03/2012,27/03/2012,Red C,1009,15,35,14,16,NA,NA,NA,NA,NA,NA,NA,NA,20
20/04/2012,16/04/2012,17/04/2012,16/04/2012,Ipsos MRBI,1000,14,33,21,13,2,NA,NA,NA,NA,NA,NA,NA,17
22/04/2012,11/04/2012,17/04/2012,14/04/2012,Behaviour & Attitudes,946,15,33,16,14,5,NA,NA,NA,NA,NA,NA,NA,17
29/04/2012,23/04/2012,23/04/2012,23/04/2012,Red C,1017,17,32,19,14,2,NA,NA,NA,NA,NA,NA,NA,16
13/05/2012,07/05/2012,09/05/2012,08/05/2012,Red C,1025,19,29,21,13,2,NA,NA,NA,NA,NA,NA,NA,16
18/05/2012,14/05/2012,16/05/2012,15/05/2012,Red C,1005,18,32,20,13,2,NA,NA,NA,NA,NA,NA,NA,15
18/05/2012,14/05/2012,15/05/2012,14/05/2012,Millward Brown,1016,17,34,17,15,1,NA,NA,NA,NA,NA,NA,NA,16
23/05/2012,18/05/2012,23/05/2012,20/05/2012,Behaviour & Attitudes,973,16,33,17,14,2,NA,NA,NA,NA,NA,NA,NA,18
25/05/2012,23/05/2012,25/05/2012,24/05/2012,Ipsos MRBI,1000,17,32,24,10,2,NA,NA,NA,NA,NA,NA,NA,15
26/05/2012,21/05/2012,23/05/2012,22/05/2012,Red C,1003,18,30,19,15,2,NA,NA,NA,NA,NA,NA,NA,16
27/05/2012,23/05/2012,24/05/2012,23/05/2012,Millward Brown,1032,17,36,20,12,1,NA,NA,NA,NA,NA,NA,NA,14
24/06/2012,18/06/2012,20/06/2012,19/06/2012,Red C,1003,18,32,16,15,2,NA,NA,NA,NA,NA,NA,NA,17
16/09/2012,04/09/2012,09/09/2012,06/09/2012,Behaviour & Attitudes,923,16,31,18,14,2,NA,NA,NA,NA,NA,NA,NA,19
23/09/2012,17/09/2012,19/09/2012,18/09/2012,Red C,1003,18,32,18,14,2,NA,NA,NA,NA,NA,NA,NA,16
18/10/2012,15/10/2012,16/10/2012,15/10/2012,Ipsos MRBI,1000,21,31,20,12,2,NA,NA,NA,NA,NA,NA,NA,14
28/10/2012,17/10/2012,19/10/2012,18/10/2012,Red C,1003,19,34,17,13,2,NA,NA,NA,NA,NA,NA,NA,15
18/11/2012,01/11/2012,13/11/2012,07/11/2012,Behaviour & Attitudes,951,22,30,14,12,3,NA,NA,NA,NA,NA,NA,NA,19
02/12/2012,26/11/2012,28/11/2012,27/11/2012,Red C,1003,20,28,17,14,3,NA,NA,NA,NA,NA,NA,NA,18
10/01/2013,07/01/2013,09/01/2013,08/01/2013,Red C,1002,21,29,16,13,3,NA,NA,NA,NA,NA,NA,NA,18
27/01/2013,15/01/2013,21/01/2013,18/01/2013,Behaviour & Attitudes,916,24,26,19,11,3,NA,NA,NA,NA,NA,NA,NA,17
27/01/2013,21/01/2013,23/01/2013,22/01/2013,Red C,1004,21,28,19,11,2,NA,NA,NA,NA,NA,NA,NA,19
08/02/2013,04/02/2013,05/02/2013,04/02/2013,Ipsos MRBI,1000,26,25,18,10,1,NA,NA,NA,NA,NA,NA,NA,20
17/02/2013,06/02/2013,13/02/2013,09/02/2013,Millward Brown,1001,27,25,20,13,1,NA,NA,NA,NA,NA,NA,NA,14
24/02/2013,18/02/2013,20/02/2013,19/02/2013,Red C,1004,26,28,16,12,2,NA,NA,NA,NA,NA,NA,NA,16
03/03/2013,16/02/2013,28/02/2013,22/02/2013,Millward Brown,983,23,24,21,11,2,NA,NA,NA,NA,NA,NA,NA,19
17/03/2013,04/03/2013,14/03/2013,09/03/2013,Millward Brown,985,29,25,20,9,1,NA,NA,NA,NA,NA,NA,NA,16
24/03/2013,18/03/2013,20/03/2013,19/03/2013,Red C,1004,24,28,14,13,1,NA,NA,NA,NA,NA,NA,NA,20
31/03/2013,11/03/2013,26/03/2013,18/03/2013,Behaviour & Attitudes,955,23,27,15,7,2,NA,NA,NA,NA,NA,NA,NA,26
14/04/2013,30/03/2013,10/04/2013,04/04/2013,Millward Brown,1032,27,24,16,12,2,NA,NA,NA,NA,NA,NA,NA,19
28/04/2013,22/04/2013,24/04/2013,23/04/2013,Red C,1003,25,28,16,11,2,NA,NA,NA,NA,NA,NA,NA,18
19/05/2013,05/05/2013,16/05/2013,10/05/2013,Millward Brown,979,26,23,19,12,1,NA,NA,NA,NA,NA,NA,NA,19
26/05/2013,20/05/2013,22/05/2013,21/05/2013,Red C,1003,26,26,16,11,2,NA,NA,NA,NA,NA,NA,NA,19
02/06/2013,17/05/2013,28/05/2013,22/05/2013,Millward Brown,979,27,27,17,11,1,NA,NA,NA,NA,NA,NA,NA,17
13/06/2013,10/06/2013,11/06/2013,10/06/2013,Ipsos MRBI,1000,26,24,21,9,2,NA,NA,NA,NA,NA,NA,NA,18
13/06/2013,10/06/2013,12/06/2013,11/06/2013,Red C,1002,24,30,16,10,2,NA,NA,NA,NA,NA,NA,NA,18
30/06/2013,11/06/2013,24/06/2013,17/06/2013,Behaviour & Attitudes,898,24,27,16,7,3,NA,NA,NA,NA,NA,NA,NA,23
30/06/2013,24/06/2013,26/06/2013,25/06/2013,Red C,1003,22,28,17,12,2,NA,NA,NA,NA,NA,NA,NA,19
07/07/2013,20/06/2013,28/06/2013,24/06/2013,Millward Brown,950,29,26,19,8,1,NA,NA,NA,NA,NA,NA,NA,17
08/08/2013,05/08/2013,07/08/2013,06/08/2013,Red C,1002,22,29,15,11,2,NA,NA,NA,NA,NA,NA,NA,21
18/08/2013,03/08/2013,12/08/2013,07/08/2013,Millward Brown,985,28,29,19,8,1,NA,NA,NA,NA,NA,NA,NA,15
31/08/2013,17/08/2013,27/08/2013,22/08/2013,Millward Brown,993,25,27,21,8,2,NA,NA,NA,NA,NA,NA,NA,17
14/09/2013,09/09/2013,11/09/2013,10/09/2013,Red C,1003,23,27,17,10,4,NA,NA,NA,NA,NA,NA,NA,19
21/09/2013,10/09/2013,17/09/2013,13/09/2013,Behaviour & Attitudes,934,21,25,18,11,3,NA,NA,NA,NA,NA,NA,NA,22
28/09/2013,13/09/2013,25/09/2013,19/09/2013,Millward Brown,998,27,28,19,10,1,NA,NA,NA,NA,NA,NA,NA,15
01/10/2013,27/09/2013,28/09/2013,27/09/2013,Ipsos MRBI,1000,22,26,23,6,2,NA,NA,NA,NA,NA,NA,NA,21
13/10/2013,30/09/2013,09/10/2013,04/10/2013,Millward Brown,976,27,27,19,9,1,NA,NA,NA,NA,NA,NA,NA,17
27/10/2013,21/10/2013,23/10/2013,22/10/2013,Red C,1001,23,29,17,9,2,NA,NA,NA,NA,NA,NA,NA,20
07/11/2013,04/11/2013,06/11/2013,05/11/2013,Red C,1004,24,25,16,9,2,NA,NA,NA,NA,NA,NA,NA,24
17/11/2013,15/11/2013,17/11/2013,16/11/2013,Millward Brown,950,24,27,21,9,1,NA,NA,NA,NA,NA,NA,NA,18
24/11/2013,18/11/2013,20/11/2013,19/11/2013,Red C,1001,22,29,15,12,2,NA,NA,NA,NA,NA,NA,NA,20
12/12/2013,09/12/2013,10/12/2013,09/12/2013,Ipsos MRBI,1000,22,30,21,9,1,NA,NA,NA,NA,NA,NA,NA,17
15/12/2013,03/12/2013,15/12/2013,09/12/2013,Behaviour & Attitudes,934,21,30,15,11,3,NA,NA,NA,NA,NA,NA,NA,20
09/01/2014,06/01/2014,08/01/2014,07/01/2014,Red C,1004,22,28,18,10,2,NA,NA,NA,NA,NA,NA,NA,20
24/01/2014,15/01/2014,24/01/2014,19/01/2014,Millward Brown,961,26,30,16,12,1,NA,NA,NA,NA,NA,NA,NA,15
26/01/2014,20/01/2014,22/01/2014,21/01/2014,Red C,1009,23,27,16,9,1,NA,NA,NA,NA,NA,NA,NA,24
22/02/2014,17/02/2014,19/02/2014,18/02/2014,Red C,1007,22,29,16,11,2,NA,NA,NA,NA,NA,NA,NA,20
22/02/2014,11/02/2014,19/02/2014,15/02/2014,Behaviour & Attitudes,968,19,30,18,9,3,NA,NA,NA,NA,NA,NA,NA,21
02/03/2014,19/02/2014,28/02/2014,23/02/2014,Millward Brown,976,21,27,22,8,2,NA,NA,NA,NA,NA,NA,NA,20
30/03/2014,24/03/2014,26/03/2014,25/03/2014,Red C,1004,22,26,21,9,3,NA,NA,NA,NA,NA,NA,NA,19
03/04/2014,01/04/2014,02/04/2014,01/04/2014,Ipsos MRBI,1000,25,25,21,8,1,NA,NA,NA,NA,NA,NA,NA,20
19/04/2014,05/04/2014,15/04/2014,10/04/2014,Millward Brown,970,22,29,20,6,2,NA,NA,NA,NA,NA,NA,NA,21
19/04/2014,06/04/2014,16/04/2014,11/04/2014,Behaviour & Attitudes,931,20,21,20,9,4,NA,NA,NA,NA,NA,NA,NA,26
28/04/2014,22/04/2014,23/04/2014,22/04/2014,Millward Brown,1523,23,25,21,6,2,NA,NA,NA,NA,NA,NA,NA,23
01/05/2014,28/04/2014,01/05/2014,29/04/2014,Red C,1500,21,25,18,11,3,NA,NA,NA,NA,NA,NA,NA,22
16/05/2014,12/05/2014,14/05/2014,13/05/2014,Red C,1010,20,25,20,8,2,NA,NA,NA,NA,NA,NA,NA,25
19/05/2014,13/05/2014,14/05/2014,13/05/2014,Millward Brown,1521,21,20,23,6,2,NA,NA,NA,NA,NA,NA,NA,28
20/05/2014,03/05/2014,15/05/2014,09/05/2014,Behaviour & Attitudes,1545,19,26,21,7,2,NA,NA,NA,NA,NA,NA,NA,25
07/06/2014,03/06/2014,04/06/2014,03/06/2014,Millward Brown,1019,20,20,26,5,2,NA,NA,NA,NA,NA,NA,NA,27
12/06/2014,09/06/2014,12/06/2014,10/06/2014,Red C,1006,18,22,22,4,2,NA,NA,NA,NA,NA,NA,NA,32
28/06/2014,23/06/2014,25/06/2014,24/06/2014,Red C,1000,18,25,22,7,3,NA,NA,NA,NA,NA,NA,NA,25
03/08/2014,18/07/2014,30/07/2014,24/07/2014,Millward Brown,967,20,25,24,7,1,NA,NA,NA,NA,NA,NA,NA,23
16/08/2014,04/08/2014,13/08/2014,08/08/2014,Behaviour & Attitudes,954,18,24,19,14,2,NA,NA,NA,NA,NA,NA,NA,23
14/09/2014,08/09/2014,10/09/2014,09/09/2014,Red C,1001,18,28,23,8,2,NA,NA,NA,NA,NA,NA,NA,21
21/09/2014,09/09/2014,18/09/2014,13/09/2014,Millward Brown,970,21,25,22,9,1,NA,NA,NA,NA,NA,NA,NA,22
09/10/2014,06/10/2014,07/10/2014,06/10/2014,Ipsos MRBI,1200,20.24,24.13,24.03,8.87,1.62,NA,NA,NA,NA,NA,NA,NA,21.1
25/10/2014,14/10/2014,22/10/2014,18/10/2014,Behaviour & Attitudes,920,18,25,19,9,3,NA,NA,NA,NA,NA,NA,NA,26
25/10/2014,20/10/2014,22/10/2014,21/10/2014,Red C,1008,18,26,20,8,2,NA,NA,NA,NA,NA,NA,NA,26
02/11/2014,21/10/2014,31/10/2014,26/10/2014,Millward Brown,991,20,22,26,7,1,NA,NA,NA,NA,NA,NA,NA,24
23/11/2014,17/11/2014,19/11/2014,18/11/2014,Red C,1000,18,22,22,8,3,NA,NA,NA,NA,NA,NA,NA,27
04/12/2014,01/12/2014,02/12/2014,01/12/2014,Ipsos MRBI,1200,21.07,19.36,22.14,5.99,2.89,NA,NA,NA,NA,NA,NA,NA,28.56
21/12/2014,08/12/2014,18/12/2014,13/12/2014,Millward Brown,1021,18,22,21,5,2,NA,NA,NA,NA,NA,NA,NA,32
21/12/2014,15/12/2014,17/12/2014,16/12/2014,Red C,1004,19,21,24,6,2,NA,NA,NA,NA,NA,NA,NA,28
21/12/2014,09/12/2014,17/12/2014,13/12/2014,Behaviour & Attitudes,960,18,24,22,5,1,NA,NA,NA,NA,NA,NA,NA,30
14/01/2015,12/01/2015,13/01/2015,12/01/2015,Red C,1002,18,24,21,8,1,NA,NA,NA,NA,NA,NA,NA,28
25/01/2015,19/01/2015,21/01/2015,20/01/2015,Red C,1005,19,24,20,9,2,NA,NA,NA,NA,NA,NA,NA,26
15/02/2015,29/01/2015,09/02/2015,03/02/2015,Millward Brown,1019,19,25,26,6,1,NA,NA,NA,NA,NA,NA,NA,23
22/02/2015,16/02/2015,18/02/2015,17/02/2015,Red C,1004,18,24,21,7,3,NA,NA,NA,NA,NA,NA,NA,27
14/03/2015,02/03/2015,11/03/2015,06/03/2015,Behaviour & Attitudes,959,18,27,19,9,3,NA,NA,NA,NA,NA,NA,NA,24
14/03/2015,09/03/2015,11/03/2015,10/03/2015,Red C,1004,17,26,21,9,2,NA,NA,NA,NA,NA,NA,NA,25
26/03/2015,23/03/2015,24/03/2015,23/03/2015,Ipsos MRBI,1200,16.72,24.04,24.04,6.99,2.73,NA,NA,NA,NA,NA,NA,NA,25.46
30/03/2015,23/03/2015,25/03/2015,24/03/2015,Red C,1003,18,27,17,10,2,NA,NA,NA,NA,NA,NA,NA,26
05/04/2015,24/03/2015,02/04/2015,28/03/2015,Millward Brown,971,19,25,24,8,3,NA,NA,NA,NA,NA,NA,NA,21
25/04/2015,20/04/2015,22/04/2015,21/04/2015,Red C,1000,19,25,22,8,1,NA,NA,NA,NA,NA,NA,NA,25
17/05/2015,01/05/2015,11/05/2015,06/05/2015,Behaviour & Attitudes,927,17,27,20,8,3,NA,NA,NA,NA,NA,NA,NA,25
17/05/2015,13/05/2015,14/05/2015,13/05/2015,Ipsos MRBI,1200,19.54,27.94,21.43,7.46,2.84,NA,NA,NA,NA,NA,NA,NA,20.8
31/05/2015,25/05/2015,27/05/2015,26/05/2015,Red C,1006,19,28,21,10,3,NA,NA,NA,NA,NA,NA,NA,19
15/06/2015,05/06/2015,15/06/2015,10/06/2015,Behaviour & Attitudes,912,21,24,19,9,2,NA,NA,NA,NA,NA,NA,NA,25
28/06/2015,22/06/2015,24/06/2015,23/06/2015,Red C,1007,20,28,18,7,2,NA,NA,NA,NA,NA,NA,NA,25
28/06/2015,19/06/2015,26/06/2015,22/06/2015,Millward Brown,976,23,29,21,6,1,NA,NA,NA,NA,NA,NA,NA,20
18/07/2015,04/07/2015,14/07/2015,09/07/2015,Behaviour & Attitudes,940,18,24,17,8,1,NA,NA,NA,NA,NA,NA,NA,32
26/07/2015,20/07/2015,22/07/2015,21/07/2015,Red C,1000,18,25,18,8,2,NA,NA,NA,NA,NA,NA,NA,29
02/08/2015,19/07/2015,30/07/2015,24/07/2015,Millward Brown,976,23,24,21,7,1,NA,NA,NA,NA,NA,NA,NA,24
15/08/2015,02/08/2015,12/08/2015,07/08/2015,Behaviour & Attitudes,898,20,27,19,6,2,NA,NA,NA,NA,NA,NA,NA,26
12/09/2015,07/09/2015,09/09/2015,08/09/2015,Red C,1005,18,28,16,10,2,NA,NA,NA,NA,NA,NA,NA,26
23/09/2015,21/09/2015,22/09/2015,21/09/2015,Ipsos MRBI,1200,20.32,27.57,19.24,8.43,1.19,NA,NA,NA,4,2.59,1.51,NA,15.14
18/10/2015,05/10/2015,14/10/2015,09/10/2015,Behaviour & Attitudes,912,19,24,19,8,1,NA,NA,NA,5,2,1,NA,21
25/10/2015,19/10/2015,21/10/2015,20/10/2015,Red C,1004,20,30,16,7,2,NA,NA,NA,1,2,1,NA,21
08/11/2015,28/10/2015,06/11/2015,01/11/2015,Millward Brown,999,24,29,21,7,1,NA,NA,NA,NA,1,NA,NA,17
15/11/2015,30/10/2015,11/11/2015,05/11/2015,Behaviour & Attitudes,927,20,26,21,7,1,NA,NA,NA,8,1,1,NA,15
22/11/2015,16/11/2015,18/11/2015,17/11/2015,Red C,1007,19,31,18,7,2,NA,NA,NA,4,1,3,NA,15
26/11/2015,23/11/2015,24/11/2015,23/11/2015,Ipsos MRBI,1200,19,30,21,7,2,NA,NA,NA,2,2,2,NA,15
03/12/2015,30/11/2015,02/12/2015,01/12/2015,Red C,1016,20,28,18,9,2,NA,NA,NA,4,1,3,NA,15
12/12/2015,30/11/2015,09/12/2015,04/12/2015,Behaviour & Attitudes,918,19,31,17,8,4,NA,NA,NA,4,1,1,NA,15
19/12/2015,14/12/2015,16/12/2015,15/12/2015,Red C,1007,17,32,19,9,2,NA,NA,NA,3,2,2,NA,14
16/01/2016,11/01/2016,13/01/2016,12/01/2016,Red C,1005,19,30,19,9,2,NA,NA,NA,3,2,1,NA,15
16/01/2016,04/01/2016,13/01/2016,08/01/2016,Behaviour & Attitudes,916,20,31,16,6,3,NA,NA,NA,2,2,1,NA,19
30/01/2016,25/01/2016,27/01/2016,26/01/2016,Red C,1005,17,29,19,10,3,NA,NA,NA,3,1,2,NA,16
04/02/2016,01/02/2016,02/02/2016,01/02/2016,Ipsos MRBI,1200,21,28,19,7,2,NA,NA,NA,4,1,2,NA,16
06/02/2016,01/02/2016,03/02/2016,02/02/2016,Red C,1005,17,31,17,10,2,NA,NA,NA,3,1,3,NA,16
06/02/2016,01/02/2016,02/02/2016,01/02/2016,Behaviour & Attitudes,1011,20,28,17,8,3,NA,NA,NA,3,2,4,NA,15
06/02/2016,25/01/2016,04/02/2016,30/01/2016,Millward Brown,984,22,27,21,6,1,NA,NA,NA,NA,NA,NA,NA,23
10/02/2016,04/02/2016,08/02/2016,06/02/2016,Red C,1002,18,30,17,8,2,NA,NA,NA,4,2,3,NA,16
14/02/2016,08/02/2016,11/02/2016,09/02/2016,Red C,1008,18,28,20,8,2,NA,NA,NA,3,1,4,NA,16
16/02/2016,11/02/2016,15/02/2016,13/02/2016,Red C,1006,19,26,17,9,4,NA,NA,NA,2,2,3,NA,18
20/02/2016,15/02/2016,16/02/2016,15/02/2016,Behaviour & Attitudes,1026,22,30,15,4,3,NA,NA,NA,5,3,3,NA,15
20/02/2016,15/02/2016,18/02/2016,16/02/2016,Red C,1010,18,30,16,8,4,NA,NA,NA,3,2,4,NA,15
20/02/2016,17/02/2016,18/02/2016,17/02/2016,Millward Brown,1000,23,27,19,6,2,NA,NA,NA,5,2,4,NA,12
22/02/2016,19/02/2016,20/02/2016,19/02/2016,Ipsos MRBI,1200,23,28,15,6,2,NA,NA,NA,3,2,3,NA,18
23/02/2016,18/02/2016,22/02/2016,20/02/2016,Red C,1000,20,30,15,7,3,NA,NA,NA,3,2,4,NA,16
16/04/2016,03/04/2016,13/04/2016,08/04/2016,Behaviour & Attitudes,926,26,23,17,4,3,NA,3,NA,4,1,2,NA,17
11/05/2016,01/05/2016,11/05/2016,06/05/2016,Behaviour & Attitudes,898,27,26,16,5,4,NA,1,NA,4,0,2,NA,15
13/05/2016,09/05/2016,11/05/2016,10/05/2016,Red C,1015,25,27,16,6,4,NA,1,NA,6,1,4,NA,10
29/05/2016,23/05/2016,26/05/2016,24/05/2016,Red C,1004,26,26,15,6,2,NA,0,NA,5,1,4,NA,15
15/06/2016,03/06/2016,15/06/2016,09/06/2016,Behaviour & Attitudes,913,25,26,17,5,3,NA,2,NA,4,1,1,NA,16
03/07/2016,18/06/2016,30/06/2016,24/06/2016,Millward Brown,1000,26,30,20,7,3,NA,NA,NA,4,NA,2,NA,8
07/07/2016,04/07/2016,05/07/2016,04/07/2016,Ipsos MRBI,1200,33,24,16,5,4,NA,NA,NA,2,NA,2,NA,14
13/07/2016,01/07/2016,13/07/2016,07/07/2016,Behaviour & Attitudes,909,30,25,14,6,2,NA,3,NA,5,0,2,NA,13
17/07/2016,11/07/2016,13/07/2016,12/07/2016,Red C,1004,29,26,12,6,4,NA,NA,NA,5,1,4,NA,13
29/07/2016,25/07/2016,27/07/2016,26/07/2016,Red C,1000,28,27,15,4,3,NA,NA,NA,4,1,3,NA,15
14/09/2016,04/09/2016,14/09/2016,09/09/2016,Behaviour & Attitudes,911,28,23,18,7,2,NA,1,NA,4,0,1,NA,16
25/09/2016,19/09/2016,22/09/2016,20/09/2016,Red C,1002,27,25,15,7,2,NA,NA,NA,6,1,4,NA,13
06/10/2016,03/10/2016,04/10/2016,03/10/2016,Ipsos MRBI,1200,26,26,19,5,3,NA,NA,NA,3,1,2,NA,15
12/10/2016,01/10/2016,12/10/2016,06/10/2016,Behaviour & Attitudes,917,30,26,17,5,2,NA,NA,NA,2,1,0,NA,17
30/10/2016,24/10/2016,27/10/2016,25/10/2016,Red C,1002,26,25,13,5,3,NA,NA,NA,9,0,3,NA,16
09/11/2016,01/11/2016,09/11/2016,05/11/2016,Behaviour & Attitudes,924,30,28,17,3,2,NA,NA,NA,3,0,0,NA,17
25/11/2016,21/11/2016,25/11/2016,23/11/2016,Red C,1000,24,25,16,5,3,NA,NA,NA,5,1,4,NA,17
08/12/2016,05/12/2016,06/12/2016,05/12/2016,Ipsos MRBI,1200,30,27,17,6,3,NA,NA,NA,3,0,2,NA,12
13/12/2016,29/11/2016,13/12/2016,06/12/2016,Behaviour & Attitudes,900,28,26,19,5,3,NA,NA,NA,4,0,1,NA,14
16/01/2017,03/01/2017,16/01/2017,09/01/2017,Behaviour & Attitudes,921,29,23,17,5,1,NA,NA,NA,5,0,1,NA,19
30/01/2017,23/01/2017,27/01/2017,25/01/2017,Red C,1004,27,24,14,5,4,NA,NA,NA,4,1,4,NA,17
11/02/2017,31/01/2017,08/02/2017,04/02/2017,Behaviour & Attitudes,955,32,21,19,6,2,NA,1,NA,3,0,2,NA,14
16/02/2017,06/02/2017,16/02/2017,11/02/2017,Millward Brown,960,33,25,20,6,2,NA,NA,NA,3,0,2,NA,9
23/02/2017,20/02/2017,23/02/2017,21/02/2017,Red C,1004,26,24,19,4,4,NA,NA,NA,6,1,3,NA,13
02/03/2017,27/02/2017,28/02/2017,27/02/2017,Ipsos MRBI,1200,29,28,21,4,3,NA,NA,NA,3,0,1,NA,11
08/03/2017,28/02/2017,08/03/2017,04/03/2017,Behaviour & Attitudes,934,28,22,23,6,2,NA,NA,NA,2,0,1,NA,16
24/03/2017,20/03/2017,24/03/2017,22/03/2017,Red C,1004,26,24,17,6,4,NA,NA,NA,4,0,3,NA,16
11/04/2017,30/03/2017,11/04/2017,05/04/2017,Behaviour & Attitudes,937,28,29,18,5,2,NA,NA,NA,2,0,2,NA,14
28/04/2017,24/04/2017,28/04/2017,26/04/2017,Red C,1004,28,24,18,6,3,NA,NA,NA,4,1,4,NA,12
13/05/2017,27/04/2017,09/05/2017,03/05/2017,Behaviour & Attitudes,921,27,28,18,4,2,NA,NA,NA,1,1,1,NA,18
26/05/2017,23/05/2017,24/05/2017,23/05/2017,Ipsos MRBI,1200,27,30,20,5,2,NA,NA,NA,3,NA,1,NA,12
06/06/2017,25/05/2017,06/06/2017,31/05/2017,Behaviour & Attitudes,938,29,29,18,5,3,NA,NA,NA,1,0,1,NA,14
05/07/2017,03/07/2017,05/07/2017,04/07/2017,Red C,1004,24,27,18,6,4,NA,NA,NA,4,3,2,NA,12
11/07/2017,29/06/2017,11/07/2017,05/07/2017,Behaviour & Attitudes,923,30,29,18,5,2,NA,NA,NA,2,0,1,NA,13
23/07/2017,09/07/2017,21/07/2017,15/07/2017,Millward Brown,956,29,30,20,7,2,NA,NA,NA,1,NA,0,NA,11
17/09/2017,31/08/2017,12/09/2017,06/09/2017,Behaviour & Attitudes,937,25,33,19,5,2,NA,NA,NA,1,0,1,NA,14
26/09/2017,18/09/2017,22/09/2017,20/09/2017,Red C,1004,26,30,16,5,2,NA,NA,NA,4,1,4,NA,12
05/10/2017,02/10/2017,03/10/2017,02/10/2017,Ipsos MRBI,1200,29,31,19,4,3,NA,NA,NA,2,0,2,NA,10
15/10/2017,02/10/2017,10/10/2017,06/10/2017,Behaviour & Attitudes,915,27,31,19,4,2,NA,NA,NA,1,0,1,NA,15
23/10/2017,16/10/2017,20/10/2017,18/10/2017,Red C,1004,25,29,14,6,4,NA,NA,NA,4,0,2,NA,16
12/11/2017,26/10/2017,07/11/2017,01/11/2017,Behaviour & Attitudes,919,31,34,14,3,2,NA,NA,NA,2,0,1,NA,13
26/11/2017,20/11/2017,24/11/2017,22/11/2017,Red C,1004,26,27,16,6,4,NA,NA,NA,3,1,3,NA,14
07/12/2017,04/12/2017,05/12/2017,04/12/2017,Ipsos MRBI,1200,25,36,19,4,3,NA,NA,NA,1,0,1,NA,11
24/12/2017,11/12/2017,19/12/2017,15/12/2017,Behaviour & Attitudes,913,26,34,17,5,2,NA,NA,NA,2,0,2,NA,12
01/01/2018,14/12/2017,22/12/2017,18/12/2017,Ireland Thinks,1144,26,33,16,6,2,NA,NA,NA,3,0,2,NA,12
16/01/2018,04/01/2018,16/01/2018,10/01/2018,Behaviour & Attitudes,920,26,32,18,6,2,NA,NA,NA,2,0,1,NA,13
25/01/2018,22/01/2018,23/01/2018,22/01/2018,Ipsos MRBI,1200,25,34,19,4,3,NA,NA,NA,2,0,1,NA,12
27/01/2018,18/01/2018,25/01/2018,21/01/2018,Red C,1003,26,32,15,6,4,NA,NA,NA,3,0,2,NA,12
13/02/2018,01/02/2018,13/02/2018,07/02/2018,Behaviour & Attitudes,926,25,36,16,5,1,NA,NA,NA,3,0,1,NA,13
14/02/2018,06/02/2018,14/02/2018,10/02/2018,Millward Brown,970,28,36,20,4,2,NA,NA,NA,1,0,1,NA,8
22/02/2018,15/02/2018,22/02/2018,18/02/2018,Red C,1000,29,32,14,6,2,NA,NA,NA,1,1,2,NA,13
13/03/2018,06/03/2018,13/03/2018,09/03/2018,Behaviour & Attitudes,900,27,32,19,6,2,NA,NA,NA,1,0,0,NA,13
22/03/2018,15/03/2018,22/03/2018,18/03/2018,Red C,1000,24,33,16,6,2,NA,NA,NA,2,2,2,NA,13
17/04/2018,16/04/2018,17/04/2018,16/04/2018,Ipsos MRBI,1200,26,31,22,5,3,NA,NA,NA,2,0,1,NA,10
18/04/2018,04/04/2018,18/04/2018,11/04/2018,Ireland Thinks,900,26,29,16,5,4,NA,NA,NA,4,0,3,NA,13
19/04/2018,05/04/2018,17/04/2018,11/04/2018,Behaviour & Attitudes,928,25,33,21,6,2,NA,NA,NA,1,1,1,NA,10
25/04/2018,19/04/2018,25/04/2018,22/04/2018,Red C,1000,25,32,14,6,2,NA,NA,NA,2,1,2,NA,16
06/05/2018,18/04/2018,30/04/2018,24/04/2018,Millward Brown,1003,27,34,22,5,3,NA,NA,NA,1,0,0,NA,8
15/05/2018,03/05/2018,15/05/2018,09/05/2018,Behaviour & Attitudes,935,23,30,24,4,2,NA,NA,NA,2,0,1,NA,14
16/05/2018,10/05/2018,16/05/2018,13/05/2018,Red C,1015,25,34,16,6,2,NA,NA,NA,3,0,1,NA,13
12/06/2018,31/05/2018,12/06/2018,06/06/2018,Behaviour & Attitudes,931,24,31,24,4,2,NA,NA,NA,2,0,1,NA,12
17/07/2018,05/07/2018,17/07/2018,11/07/2018,Behaviour & Attitudes,931,21,34,22,3,2,NA,NA,NA,1,0,1,NA,16
24/08/2018,15/08/2018,24/08/2018,19/08/2018,Ireland Thinks,942,24,29,19,6,2,NA,NA,NA,1,0,2,NA,17
13/09/2018,06/09/2018,13/09/2018,09/09/2018,Red C,1000,22,33,14,6,2,NA,NA,NA,2,1,2,NA,18
18/09/2018,06/09/2018,18/09/2018,12/09/2018,Behaviour & Attitudes,940,25,32,20,5,3,NA,NA,NA,3,0,0,NA,12
10/10/2018,03/10/2018,10/10/2018,06/10/2018,Red C,1000,27,32,14,5,3,NA,NA,NA,2,0,1,NA,16
16/10/2018,05/10/2018,16/10/2018,10/10/2018,Behaviour & Attitudes,940,27,31,19,6,2,NA,NA,NA,2,0,0,NA,13
16/10/2018,10/10/2018,12/10/2018,11/10/2018,Ipsos MRBI,1200,25,33,24,4,2,NA,NA,NA,3,0,1,NA,8
17/10/2018,11/10/2018,17/10/2018,14/10/2018,Red C,1000,25,33,15,5,4,NA,NA,NA,0,0,2,NA,16
26/10/2018,26/10/2018,26/10/2018,26/10/2018,Red C,3474,22,35,15,7,4,NA,NA,NA,2,0,3,NA,12
13/11/2018,01/11/2018,13/11/2018,07/11/2018,Behaviour & Attitudes,905,27,30,23,6,1,NA,NA,NA,2,0,1,NA,10
22/11/2018,15/11/2018,22/11/2018,18/11/2018,Red C,1000,27,34,13,6,3,NA,NA,NA,0,0,2,NA,15
16/12/2018,01/12/2018,13/12/2018,07/12/2018,Millward Brown,920,27,32,21,5,1,NA,NA,NA,1,0,2,NA,11
18/12/2018,06/12/2018,18/12/2018,12/12/2018,Behaviour & Attitudes,911,29,31,17,5,3,NA,NA,NA,2,0,2,NA,11
21/12/2018,11/12/2018,21/12/2018,16/12/2018,Ireland Thinks,1546,23,31,16,7,4,NA,NA,NA,4,0,3,NA,12
15/01/2019,04/01/2019,15/01/2019,09/01/2019,Behaviour & Attitudes,907,26,30,20,4,2,NA,NA,NA,2,0,1,NA,15
24/01/2019,17/01/2019,24/01/2019,20/01/2019,Red C,1000,22,32,13,6,3,NA,NA,NA,2,0,2,NA,20
12/02/2019,31/01/2019,12/02/2019,06/02/2019,Behaviour & Attitudes,910,26,30,18,5,2,NA,NA,NA,2,1,1,NA,15
20/02/2019,14/02/2019,20/02/2019,17/02/2019,Red C,1000,24,31,18,5,2,NA,NA,NA,1,0,2,NA,17
07/03/2019,03/03/2019,05/03/2019,04/03/2019,Ipsos MRBI,1200,24,30,21,6,2,NA,NA,NA,2,0,1,NA,14
12/03/2019,28/02/2019,12/03/2019,06/03/2019,Behaviour & Attitudes,930,25,31,19,5,3,NA,NA,NA,1,0,0,NA,16
28/03/2019,21/03/2019,28/03/2019,24/03/2019,Red C,1000,25,31,13,5,3,NA,NA,NA,2,0,3,NA,18
16/04/2019,04/04/2019,16/04/2019,10/04/2019,Behaviour & Attitudes,933,29,28,21,4,1,NA,NA,NA,1,0,1,NA,15
17/04/2019,11/04/2019,17/04/2019,14/04/2019,Red C,1000,23,33,14,5,3,NA,NA,NA,1,0,2,NA,19
09/05/2019,07/05/2019,09/05/2019,08/05/2019,Ipsos MRBI,1500,26,29,16,7,4,NA,NA,NA,2,0,2,NA,14
14/05/2019,02/05/2019,14/05/2019,08/05/2019,Behaviour & Attitudes,933,28,28,19,4,5,NA,NA,NA,3,0,1,NA,12
16/05/2019,09/05/2019,16/05/2019,12/05/2019,Red C,2000,24,28,13,5,7,NA,NA,NA,2,1,2,NA,18
24/05/2019,24/05/2019,24/05/2019,24/05/2019,Red C,2671,23,26,15,5,12,NA,NA,NA,2,1,3,NA,13
11/06/2019,31/05/2019,11/06/2019,05/06/2019,Behaviour & Attitudes,900,28,23,12,5,11,NA,NA,NA,2,1,1,NA,17
16/07/2019,04/07/2019,16/07/2019,10/07/2019,Behaviour & Attitudes,902,30,26,14,5,7,NA,NA,NA,2,1,1,NA,14
12/09/2019,05/09/2019,12/09/2019,08/09/2019,Red C,1000,28,29,12,6,7,NA,NA,NA,1,0,1,NA,16
17/09/2019,05/09/2019,17/09/2019,11/09/2019,Behaviour & Attitudes,929,29,26,20,3,5,NA,NA,NA,1,1,1,NA,14
13/10/2019,11/10/2019,13/10/2019,12/10/2019,Ipsos MRBI,1200,25,29,14,6,8,NA,NA,NA,1,0,1,NA,16
15/10/2019,03/10/2019,15/10/2019,09/10/2019,Behaviour & Attitudes,931,28,29,16,5,6,NA,NA,NA,3,0,1,NA,12
24/10/2019,17/10/2019,24/10/2019,20/10/2019,Red C,1000,24,32,11,4,7,NA,NA,NA,1,0,2,NA,19
12/11/2019,01/11/2019,12/11/2019,06/11/2019,Behaviour & Attitudes,923,25,27,17,6,6,NA,NA,NA,2,0,2,NA,15
21/11/2019,14/11/2019,21/11/2019,17/11/2019,Red C,1000,24,30,11,6,7,NA,NA,NA,2,0,2,NA,18
17/12/2019,05/12/2019,17/12/2019,11/12/2019,Behaviour & Attitudes,934,27,27,20,6,6,NA,NA,NA,3,0,1,NA,10
25/12/2019,01/12/2019,25/12/2019,13/12/2019,Ireland Thinks,1585,25,28,15,5,7,NA,NA,NA,3,0,3,NA,14
19/01/2020,02/01/2020,14/01/2020,08/01/2020,Behaviour & Attitudes,923,32,20,19,4,7,NA,NA,NA,2,1,1,NA,14
20/01/2020,16/01/2020,18/01/2020,17/01/2020,Ipsos MRBI,1200,25,23,21,5,8,NA,NA,NA,2,0,2,NA,14
26/01/2020,16/01/2020,22/01/2020,19/01/2020,Red C,1000,26,23,19,4,8,NA,NA,NA,2,0,3,NA,15
26/01/2020,16/01/2020,25/01/2020,20/01/2020,Ireland Thinks,1031,27,22,20,6,10,NA,NA,NA,1,0,3,NA,11
01/02/2020,24/01/2020,30/01/2020,27/01/2020,Panelbase,1019,23,19,21,5,10,NA,NA,NA,5,0,5,NA,12
02/02/2020,25/01/2020,30/01/2020,27/01/2020,Red C,1000,24,21,24,5,7,NA,NA,NA,1,0,3,NA,15
03/02/2020,30/01/2020,01/02/2020,31/01/2020,Ipsos MRBI,1200,23,20,25,4,8,NA,NA,NA,2,NA,2,NA,16
02/03/2020,17/02/2020,25/02/2020,21/02/2020,Behaviour & Attitudes,917,20,18,35,3,6,NA,NA,NA,3,NA,2,1,12
14/03/2020,27/02/2020,10/03/2020,04/03/2020,Behaviour & Attitudes,912,19,21,35,3,6,NA,NA,NA,3,NA,1,0,12
29/03/2020,20/03/2020,25/03/2020,22/03/2020,Red C,1000,18,34,28,3,5,NA,NA,NA,2,NA,3,2,5
03/05/2020,23/04/2020,29/04/2020,26/04/2020,Red C,1000,14,35,27,3,6,NA,NA,NA,2,NA,3,1,9
24/05/2020,19/05/2020,23/05/2020,21/05/2020,Ireland Thinks,1012,16,36,27,4,6,NA,NA,NA,2,NA,3,NA,6
31/05/2020,21/05/2020,27/05/2020,24/05/2020,Red C,1000,15,35,27,3,5,NA,NA,NA,2,NA,4,1,8
15/06/2020,11/06/2020,14/06/2020,12/06/2020,Ipsos MRBI,1200,14,37,25,2,12,NA,NA,NA,1,NA,2,NA,7
21/06/2020,19/06/2020,20/06/2020,19/06/2020,Ireland Thinks,1000,13,34,27,4,8,NA,NA,NA,2,NA,3,NA,9
19/07/2020,17/07/2020,18/07/2020,17/07/2020,Ireland Thinks,1000,12,38,26,4,5,NA,NA,NA,3,NA,3,NA,9
02/08/2020,17/07/2020,28/07/2020,22/07/2020,Behaviour & Attitudes,921,20,29,30,3,6,NA,NA,NA,1,NA,1,0,10
23/08/2020,21/08/2020,22/08/2020,21/08/2020,Ireland Thinks,1000,11,35,30,5,3,NA,NA,NA,2,NA,5,2,7
13/09/2020,03/09/2020,09/09/2020,06/09/2020,Red C,1000,10,35,27,3,6,NA,NA,NA,2,NA,4,2,11
20/09/2020,03/09/2020,15/09/2020,09/09/2020,Behaviour & Attitudes,900,19,30,32,3,5,NA,NA,NA,1,NA,1,0,9
27/09/2020,26/09/2020,26/09/2020,26/09/2020,Ireland Thinks,1250,14,32,28,4,4,NA,NA,NA,3,NA,5,3,7
07/10/2020,03/10/2020,06/10/2020,04/10/2020,Ipsos MRBI,1200,17,35,29,4,4,NA,NA,NA,1,NA,2,NA,8
18/10/2020,01/10/2020,13/10/2020,07/10/2020,Behaviour & Attitudes,900,19,31,30,4,5,NA,NA,NA,2,NA,2,1,6
18/10/2020,17/10/2020,17/10/2020,17/10/2020,Ireland Thinks,1000,14,33,29,5,3,NA,NA,NA,3,NA,5,3,5
25/10/2020,24/10/2020,24/10/2020,24/10/2020,Red C,1000,11,37,27,3,6,NA,NA,NA,2,NA,3,2,9
29/11/2020,19/11/2020,25/11/2020,22/11/2020,Red C,1000,12,33,30,3,5,NA,NA,NA,3,NA,4,2,8
29/11/2020,28/11/2020,28/11/2020,28/11/2020,Ireland Thinks,1044,17,28,28,4,4,NA,NA,NA,2,NA,5,4,8
20/12/2020,03/12/2020,15/12/2020,09/12/2020,Behaviour & Attitudes,916,22,27,32,5,3,NA,NA,NA,2,NA,1,0,8
17/01/2021,16/01/2021,16/01/2021,16/01/2021,Ireland Thinks,1247,15,28,29,5,3,NA,NA,NA,3,NA,5,4,8
31/01/2021,21/01/2021,28/01/2021,24/01/2021,Red C,1000,16,29,27,3,5,NA,NA,NA,3,NA,5,2,10
14/02/2021,13/02/2021,13/02/2021,13/02/2021,Ireland Thinks,1068,14.7,25.6,28,4.9,4.5,NA,NA,NA,3.1,NA,5.7,4.1,9.4
24/02/2021,22/02/2021,23/02/2021,22/02/2021,Ipsos MRBI,1200,14,30,28,3,6,NA,NA,NA,1,NA,3,1,14
28/02/2021,18/02/2021,25/02/2021,21/02/2021,Red C,1000,13,29,29,4,3,NA,NA,NA,2,NA,6,2,12
21/03/2021,20/03/2021,20/03/2021,20/03/2021,Ireland Thinks,1026,14,27,31,5,2,NA,NA,NA,3,NA,7,2,9
28/03/2021,19/03/2021,25/03/2021,22/03/2021,Red C,1000,11,30,29,4,5,NA,NA,NA,2,NA,5,2,12
18/04/2021,14/04/2021,15/04/2021,14/04/2021,Ireland Thinks,1087,16,26,27,5,3,NA,NA,NA,3,NA,6,4,10
25/04/2021,16/04/2021,23/04/2021,19/04/2021,Red C,1000,13,30,27,5,4,NA,NA,NA,2,NA,5,2,12
16/05/2021,15/05/2021,15/05/2021,15/05/2021,Ireland Thinks,1237,15,25,30,4,3,NA,NA,NA,3,NA,7,4,9
23/05/2021,04/05/2021,18/05/2021,11/05/2021,Behaviour & Attitudes,914,22,28,30,4,5,NA,NA,NA,1,NA,2,0,8
30/05/2021,21/05/2021,26/05/2021,23/05/2021,Red C,1000,14,29,29,3,5,NA,NA,NA,2,NA,5,2,11
13/06/2021,27/05/2021,08/06/2021,02/06/2021,Behaviour & Attitudes,909,20,24,34,3,4,NA,NA,NA,1,NA,4,1,9
16/06/2021,14/06/2021,15/06/2021,14/06/2021,Ipsos MRBI,1200,20,27,31,3,6,NA,NA,NA,2,NA,2,1,8
20/06/2021,19/06/2021,19/06/2021,19/06/2021,Ireland Thinks,1274,15,24,32,4,3,NA,NA,NA,4,NA,5,4,9
27/06/2021,18/06/2021,24/06/2021,21/06/2021,Red C,1000,13,30,29,3,5,NA,NA,NA,2,NA,4,2,12
18/07/2021,01/07/2021,13/07/2021,07/07/2021,Behaviour & Attitudes,894,20,25,30,5,5,NA,NA,NA,3,NA,1,1,10
18/07/2021,17/07/2021,17/07/2021,17/07/2021,Ireland Thinks,1001,14,25,30,7,4,NA,NA,NA,4,NA,5,4,7
22/08/2021,21/08/2021,21/08/2021,21/08/2021,Ireland Thinks,1203,15,24,30,6,4,NA,NA,NA,3,NA,6,3,9
12/09/2021,26/08/2021,06/09/2021,31/08/2021,Behaviour & Attitudes,922,21,23,33,5,5,NA,NA,NA,2,NA,2,0,9
12/09/2021,04/09/2021,10/09/2021,07/09/2021,Red C,1031,13,28,30,5,4,NA,NA,NA,3,NA,5,2,10
19/09/2021,18/09/2021,18/09/2021,18/09/2021,Ireland Thinks,1000,19,23,29,4,4,NA,NA,NA,4,NA,6,4,7
06/10/2021,02/10/2021,05/10/2021,03/10/2021,Ipsos MRBI,1200,20,22,32,4,7,NA,NA,NA,2,NA,3,1,9
17/10/2021,16/10/2021,16/10/2021,16/10/2021,Ireland Thinks,1200,16,26,31,4,6,NA,NA,NA,3,NA,4,3,7
17/10/2021,30/09/2021,12/10/2021,06/10/2021,Behaviour & Attitudes,943,23,21,31,5,5,NA,NA,NA,1,NA,4,1,9
24/10/2021,16/10/2021,22/10/2021,19/10/2021,Red C,1031,12,25,33,5,4,NA,NA,NA,3,NA,6,2,10
14/11/2021,28/10/2021,09/11/2021,03/11/2021,Behaviour & Attitudes,912,20,21,37,3,5,NA,NA,NA,1,NA,3,1,9
14/11/2021,13/11/2021,13/11/2021,13/11/2021,Ireland Thinks,1000,17,24,32,4,5,NA,NA,NA,3,NA,5,3,7
28/11/2021,19/11/2021,25/11/2021,22/11/2021,Red C,1001,15,22,33,4,5,NA,NA,NA,2,NA,5,2,12
10/12/2021,05/12/2021,08/12/2021,06/12/2021,Ipsos MRBI,1200,20,20,35,4,5,NA,NA,NA,2,NA,2,1,11
12/12/2021,25/11/2021,08/12/2021,01/12/2021,Behaviour & Attitudes,933,23,20,34,5,5,NA,NA,NA,1,NA,2,0,10
12/12/2021,11/12/2021,11/12/2021,11/12/2021,Ireland Thinks,1000,17,25,31,4,4,NA,NA,NA,4,NA,3,3,9
09/01/2022,07/01/2022,07/01/2022,07/01/2022,Ireland Thinks,1369,19,23,33,4,3,NA,NA,NA,3,NA,4,2,9
23/01/2022,06/01/2022,18/01/2022,12/01/2022,Behaviour & Attitudes,917,24,22,34,4,3,NA,NA,NA,2,NA,1,0,10
30/01/2022,21/01/2022,26/01/2022,23/01/2022,Red C,1001,15,21,33,4,6,NA,NA,NA,2,NA,5,2,12
06/02/2022,04/02/2022,05/02/2022,04/02/2022,Ireland Thinks,1086,17,23,32,3,4,NA,NA,NA,3,NA,5,3,10
13/02/2022,27/01/2022,08/02/2022,02/02/2022,Behaviour & Attitudes,928,25,20,34,4,5,NA,NA,NA,1,NA,2,0,9
27/02/2022,18/02/2022,23/02/2022,20/02/2022,Red C,1001,17,20,33,4,5,NA,NA,NA,3,NA,4,2,12
06/03/2022,04/03/2022,04/03/2022,04/03/2022,Ireland Thinks,1011,20,21,31,3,4,NA,NA,NA,4,NA,6,2,9
13/03/2022,24/02/2022,08/03/2022,02/03/2022,Behaviour & Attitudes,928,23,24,33,3,4,NA,NA,NA,2,NA,1,1,9
27/03/2022,18/03/2022,23/03/2022,20/03/2022,Red C,1001,16,19,33,5,5,NA,NA,NA,3,NA,5,2,12
03/04/2022,01/04/2022,01/04/2022,01/04/2022,Ireland Thinks,1135,18,22,33,4,3,NA,NA,NA,2,NA,6,3,9
13/04/2022,11/04/2022,12/04/2022,11/04/2022,Ipsos MRBI,1200,23,22,33,4,3,NA,NA,NA,1,NA,2,1,11
25/04/2022,31/03/2022,20/04/2022,10/04/2022,Behaviour & Attitudes,957,23,24,32,5,4,NA,NA,NA,1,NA,2,1,8
01/05/2022,22/04/2022,27/04/2022,24/04/2022,Red C,1014,16,21,34,4,4,NA,NA,NA,3,NA,5,2,11
08/05/2022,06/05/2022,06/05/2022,06/05/2022,Ireland Thinks,1002,16,23,34,4,4,NA,NA,NA,3,NA,4,3,9
15/05/2022,28/04/2022,10/05/2022,04/05/2022,Behaviour & Attitudes,908,24,19,36,5,2,NA,NA,NA,2,NA,2,1,9
29/05/2022,20/05/2022,25/05/2022,22/05/2022,Red C,1002,15,20,36,3,5,NA,NA,NA,3,NA,4,2,12
05/06/2022,04/06/2022,04/06/2022,04/06/2022,Ireland Thinks,1211,17,20,35,4,3,NA,NA,NA,3,NA,5,3,10
12/06/2022,25/05/2022,07/06/2022,31/05/2022,Behaviour & Attitudes,917,22,23,37,5,4,NA,NA,NA,1,NA,0,1,7
26/06/2022,17/06/2022,22/06/2022,19/06/2022,Red C,1004,14,19,36,3,4,NA,NA,NA,4,NA,4,3,13
03/07/2022,01/07/2022,01/07/2022,01/07/2022,Ireland Thinks,1333,15,22,36,4,4,NA,NA,NA,3,NA,3,3,10
14/07/2022,10/07/2022,12/07/2022,11/07/2022,Ipsos MRBI,1200,20,18,36,4,3,NA,NA,NA,3,NA,2,1,13
17/07/2022,30/06/2022,12/07/2022,06/07/2022,Behaviour & Attitudes,917,21,21,36,6,5,NA,NA,NA,1,NA,2,1,7
07/08/2022,05/08/2022,06/08/2022,05/08/2022,Ireland Thinks,1180,17,22,35,3,4,NA,NA,NA,4,NA,4,3,8
04/09/2022,02/09/2022,03/09/2022,02/09/2022,Ireland Thinks,1127,16,21,36,3,2,NA,NA,NA,5,NA,4,3,10
11/09/2022,01/09/2022,06/09/2022,03/09/2022,Red C,1004,17,18,35,4,5,NA,NA,NA,3,NA,4,2,12
11/09/2022,25/08/2022,06/09/2022,31/08/2022,Behaviour & Attitudes,905,24,20,35,4,5,NA,NA,NA,2,NA,3,0,7
02/10/2022,30/09/2022,01/10/2022,30/09/2022,Ireland Thinks,1254,17,21,37,3,4,NA,NA,NA,4,NA,3,3,8
16/10/2022,29/09/2022,11/10/2022,05/10/2022,Behaviour & Attitudes,938,22,21,34,6,4,NA,NA,NA,2,NA,2,0,9
27/10/2022,23/10/2022,25/10/2022,24/10/2022,Ipsos MRBI,1200,21,22,35,3,4,NA,NA,NA,2,NA,3,1,9
30/10/2022,21/10/2022,27/10/2022,24/10/2022,Red C,1004,16,21,35,4,4,NA,NA,NA,2,NA,4,1,13
06/11/2022,04/11/2022,05/11/2022,04/11/2022,Ireland Thinks,1002,17,21,34,3,3,NA,NA,NA,5,NA,4,4,9
13/11/2022,27/10/2022,08/11/2022,02/11/2022,Behaviour & Attitudes,923,23,21,34,5,4,NA,NA,NA,1,NA,2,1,9
27/11/2022,18/11/2022,23/11/2022,20/11/2022,Red C,1004,15,24,31,4,5,NA,NA,NA,3,NA,4,2,12
04/12/2022,01/12/2022,02/12/2022,01/12/2022,Ireland Thinks,1352,17,23,34,3,3,NA,NA,NA,3,NA,5,4,8
11/12/2022,24/11/2022,06/12/2022,30/11/2022,Behaviour & Attitudes,923,21,23,34,3,5,NA,NA,NA,1,NA,1,0,12
08/01/2023,05/01/2023,06/01/2023,05/01/2023,Ireland Thinks,1104,16,25,32,3,4,NA,NA,NA,4,NA,3,3,10
22/01/2023,05/01/2023,17/01/2023,11/01/2023,Behaviour & Attitudes,936,25,19,34,4,5,NA,NA,NA,2,NA,2,1,8
29/01/2023,20/01/2023,25/01/2023,22/01/2023,Red C,1004,15,21,33,4,4,NA,NA,NA,3,NA,6,2,12
05/02/2023,02/02/2023,03/02/2023,02/02/2023,Ireland Thinks,1212,18,22,31,4,4,NA,NA,NA,3,NA,4,4,10
19/02/2023,02/02/2023,14/02/2023,08/02/2023,Behaviour & Attitudes,921,24,23,31,5,5,NA,NA,NA,1,NA,2,0,9
23/02/2023,19/02/2023,21/02/2023,20/02/2023,Ipsos MRBI,1200,18,22,35,4,4,NA,NA,NA,1,NA,2,0,14
26/02/2023,17/02/2023,22/02/2023,19/02/2023,Red C,998,17,21,31,4,4,NA,NA,NA,3,NA,4,2,14
05/03/2023,03/03/2023,03/03/2023,03/03/2023,Ireland Thinks,1162,19,21,29,3,4,NA,NA,NA,2,NA,9,3,10
19/03/2023,04/03/2023,14/03/2023,09/03/2023,Behaviour & Attitudes,943,20,23,32,5,5,NA,NA,NA,2,NA,4,0,9
26/03/2023,17/03/2023,22/03/2023,19/03/2023,Red C,1005,15,22,31,4,3,NA,NA,NA,3,NA,6,2,14
02/04/2023,31/03/2023,01/04/2023,31/03/2023,Ireland Thinks,1102,16,22,31,3,4,NA,NA,NA,3,NA,7,3,11
09/04/2023,28/03/2023,04/04/2023,31/03/2023,Behaviour & Attitudes,909,21,15,37,4,6,NA,NA,NA,2,NA,4,2,9
30/04/2023,21/04/2023,26/04/2023,23/04/2023,Red C,1016,16,22,31,4,4,NA,NA,NA,2,NA,5,2,14
07/05/2023,05/05/2023,06/05/2023,05/05/2023,Ireland Thinks,1175,19,20,31,4,3,NA,NA,NA,4,NA,5,2,12
14/05/2023,27/04/2023,09/05/2023,03/05/2023,Behaviour & Attitudes,906,22,17,35,4,5,NA,NA,NA,1,NA,3,1,12
28/05/2023,19/05/2023,24/05/2023,21/05/2023,Red C,1011,15,20,34,4,4,NA,NA,NA,3,NA,6,1,13
04/06/2023,02/06/2023,02/06/2023,02/06/2023,Ireland Thinks,1136,19,20,32,3,3,NA,NA,NA,2,NA,6,3,12
15/06/2023,11/06/2023,13/06/2023,12/06/2023,Ipsos MRBI,1200,21,18,31,4,4,NA,NA,NA,2,NA,5,1,14
18/06/2023,01/06/2023,13/06/2023,07/06/2023,Behaviour & Attitudes,935,21,20,34,6,6,NA,NA,NA,2,NA,2,0,9
25/06/2023,16/06/2023,21/06/2023,18/06/2023,Red C,1011,16,22,29,5,4,NA,NA,NA,3,NA,5,2,14
02/07/2023,30/06/2023,01/07/2023,30/06/2023,Ireland Thinks,1076,19,19,31,2,3,NA,NA,NA,4,NA,6,3,13
16/07/2023,28/06/2023,12/07/2023,05/07/2023,Behaviour & Attitudes,910,24,19,34,4,4,NA,NA,NA,2,NA,2,1,10
06/08/2023,04/08/2023,05/08/2023,04/08/2023,Ireland Thinks,1272,18,19,34,4,5,NA,NA,NA,3,NA,5,2,10
03/09/2023,31/08/2023,01/09/2023,31/08/2023,Ireland Thinks,1228,18,21,33,3,2,NA,NA,NA,3,NA,6,2,12
17/09/2023,31/08/2023,12/09/2023,06/09/2023,Behaviour & Attitudes,910,21,20,33,4,6,NA,NA,NA,2,NA,3,1,10
17/09/2023,07/09/2023,12/09/2023,09/09/2023,Red C,1019,16,21,31,4,4,NA,NA,NA,3,NA,5,3,13
28/09/2023,24/09/2023,26/09/2023,25/09/2023,Ipsos MRBI,1200,20,18,34,3,3,NA,NA,NA,2,NA,2,1,17
01/10/2023,28/09/2023,29/09/2023,28/09/2023,Ireland Thinks,1196,17,19,35,3,4,NA,NA,NA,2,NA,5,3,12
15/10/2023,28/09/2023,10/10/2023,04/10/2023,Behaviour & Attitudes,933,20,21,34,4,4,NA,NA,NA,1,NA,2,2,12
29/10/2023,20/10/2023,25/10/2023,22/10/2023,Red C,1018,15,20,32,5,4,NA,NA,NA,3,NA,6,2,13
05/11/2023,02/11/2023,03/11/2023,02/11/2023,Ireland Thinks,1387,18,21,31,3,4,NA,NA,NA,4,NA,5,4,10
26/11/2023,17/11/2023,22/11/2023,19/11/2023,Red C,1021,16,20,29,4,4,NA,NA,NA,3,NA,6,2,16
03/12/2023,01/12/2023,02/12/2023,01/12/2023,Ireland Thinks,1306,19,21,28,4,3,NA,NA,NA,4,NA,5,3,13
07/01/2024,05/01/2024,06/01/2024,05/01/2024,Ireland Thinks,1270,17,20,30,3,3,NA,NA,NA,3,NA,5,3,16
28/01/2024,19/01/2024,24/01/2024,21/01/2024,Red C,1003,17,20,25,4,4,NA,NA,NA,3,NA,6,3,18
04/02/2024,01/02/2024,02/02/2024,01/02/2024,Ireland Thinks,1394,17,19,29,4,3,NA,NA,NA,3,NA,5,3,17
08/02/2024,02/02/2024,06/02/2024,04/02/2024,Ipsos MRBI,1200,20,19,28,4,5,NA,NA,NA,2,NA,4,1,17
25/02/2024,16/02/2024,21/02/2024,18/02/2024,Red C,1009,16,20,28,4,3,NA,NA,NA,3,NA,7,3,16
03/03/2024,01/03/2024,02/03/2024,01/03/2024,Ireland Thinks,1083,18,20,27,4,4,NA,NA,NA,2,NA,7,2,16
24/03/2024,15/03/2024,20/03/2024,17/03/2024,Red C,1027,16,19,25,3,4,NA,NA,NA,3,NA,6,5,19
24/03/2024,22/03/2024,23/03/2024,22/03/2024,Ireland Thinks,1305,17,22,27,4,4,NA,NA,NA,2,NA,6,4,14
07/04/2024,05/04/2024,06/04/2024,05/04/2024,Ireland Thinks,1334,16,21,26,3,4,NA,NA,NA,2,NA,6,4,18
21/04/2024,12/04/2024,17/04/2024,14/04/2024,Opinions,1100,16,20,27,5,6,NA,NA,NA,3,NA,4,3,16
